#
# A fatal error has been detected by the Java Runtime Environment:
#
#  SIGSEGV (0xb) at pc=0x000000010628fb5e, pid=26031, tid=259
#
# JRE version: OpenJDK Runtime Environment (25.0.2+10) (build 25.0.2+10-69)
# Java VM: OpenJDK 64-Bit Server VM (25.0.2+10-69, mixed mode, sharing, tiered, compressed oops, compressed class ptrs, g1 gc, bsd-amd64)
# Problematic frame:
# C  [libglass.dylib+0x28b5e]  Java_com_sun_glass_ui_mac_MacView__1enableInputMethodEvents+0x849e
#
# No core dump will be written. Core dumps have been disabled. To enable core dumping, try "ulimit -c unlimited" before starting Java again
#
# If you would like to submit a bug report, please visit:
#   https://bugreport.java.com/bugreport/crash.jsp
#

---------------  S U M M A R Y ------------

Command Line: target/mesos.jar --client --rmi --gui 127.0.0.1 1099

Host: "MacBookPro15,2" x86_64 2300 MHz, 8 cores, 8G, Darwin 24.6.0, macOS 15.7.4 (24G517)
Time: Fri May  8 17:14:15 2026 CEST elapsed time: 399.894865 seconds (0d 0h 6m 39s)

---------------  T H R E A D  ---------------

Current thread is native thread

Stack: [0x00007ff7ba587000,0x00007ff7bad87000],  sp=0x00007ff7bad82d70,  free space=8175k
Native frames: (J=compiled Java code, j=interpreted, Vv=VM code, C=native code)
C  [libglass.dylib+0x28b5e]  Java_com_sun_glass_ui_mac_MacView__1enableInputMethodEvents+0x849e
C  [CoreFoundation+0x70b2c]  __CFNOTIFICATIONCENTER_IS_CALLING_OUT_TO_AN_OBSERVER__+0x89
C  [CoreFoundation+0xfc2c2]  ___CFXRegistrationPost_block_invoke+0x58
C  [CoreFoundation+0xfc217]  _CFXRegistrationPost+0x203
C  [CoreFoundation+0x40f6b]  _CFXNotificationPost+0x2fb
C  [Foundation+0x90fd]  -[NSNotificationCenter postNotificationName:object:userInfo:]+0x52
C  [AppKit+0x1cd7ce]  -[NSWindow resignKeyWindow]+0x2bf
C  [AppKit+0xcb4c84]  -[NSWindow _orderOut:calculatingKeyWithOptions:documentWindow:]+0x118
C  [AppKit+0x8992e]  NSPerformVisuallyAtomicChange+0x91
C  [AppKit+0xcb7048]  -[NSWindow _reallyDoOrderWindowOutRelativeTo:]+0x236
C  [AppKit+0xcb74d6]  -[NSWindow _reallyDoOrderWindow:]+0x6a
C  [AppKit+0xcb775e]  -[NSWindow _doOrderWindow:]+0x12a
C  [AppKit+0xcb0cb7]  -[NSWindow _finishClosingWindow]+0x1df
C  [AppKit+0x32d2c9]  -[NSWindow _close]+0x1b0
C  [libglass.dylib+0x294bf]  Java_com_sun_glass_ui_mac_MacView__1enableInputMethodEvents+0x8dff
C  [Foundation+0x7bc21]  __NSThreadPerformPerform+0xb2
C  [CoreFoundation+0x7ba40]  __CFRUNLOOP_IS_CALLING_OUT_TO_A_SOURCE0_PERFORM_FUNCTION__+0x11
C  [CoreFoundation+0x7b9e2]  __CFRunLoopDoSource0+0x9d
C  [CoreFoundation+0x7b809]  __CFRunLoopDoSources0+0x137
C  [CoreFoundation+0x7a406]  __CFRunLoopRun+0x3cd
C  [CoreFoundation+0x79a02]  CFRunLoopRunSpecific+0x218
C  [libjli.dylib+0x7042]  CreateExecutionEnvironment+0x1a2
C  [libjli.dylib+0x2710]  JLI_Launch+0x270
C  [java+0xc01]  main+0x171
C  [dyld+0x6530]  start+0xbf0

siginfo: si_signo: 11 (SIGSEGV), si_code: 1 (SEGV_MAPERR), si_addr: 0x0000000000000000

Registers:
RAX=0x0000000000000103, RBX=0x0000000000000019, RCX=0x0000000000000000, RDX=0x0000000000000000
RSP=0x00007ff7bad82d70, RBP=0x00007ff7bad831a0, RSI=0x00007f968eb65800, RDI=0x0000000000000000
R8 =0x00007f968e800000, R9 =0x0000000000000018, R10=0x00000000ffffff00, R11=0x0000000000000000
R12=0x00000001062b0790, R13=0x00007f968eb65800, R14=0x0000600002d0cea0, R15=0x0000000000000019
RIP=0x000000010628fb5e, EFLAGS=0x0000000000010202, ERR=0x0000000000000004
  TRAPNO=0x000000000000000e


Top of Stack: (sp=0x00007ff7bad82d70)
0x00007ff7bad82d70:   000000010628fb1b 00007ff81a623b2c   ..(.....,;b.....
0x00007ff7bad82d80:   00007ff81a6af2c2 00007ff81a6af217   ..j.......j.....
0x00007ff7bad82d90:   00007ff81a5f3f6b 00007ff81b7200fd   k?_.......r.....
0x00007ff7bad82da0:   00007ff81e21e7ce 00007ff81ed05c84   ..!......\......
0x00007ff7bad82db0:   00007ff81e0da92e 00007ff81ed08048   ........H.......
0x00007ff7bad82dc0:   00007ff81ed084d6 00007ff81ed0875e   ........^.......
0x00007ff7bad82dd0:   00007ff81ed01cb7 00007ff81e37e2c9   ..........7.....
0x00007ff7bad82de0:   00000001062904bf 00007ff81b792c21   ..).....!,y.....
0x00007ff7bad82df0:   00007ff81a62ea40 00007ff81a62e9e2   @.b.......b.....
0x00007ff7bad82e00:   00007ff81a62e809 00007ff81a62d406   ..b.......b.....
0x00007ff7bad82e10:   00007ff81a62ca02 00000001051a2042   ..b.....B ......
0x00007ff7bad82e20:   000000010519d710 0000000105179c01   ................
0x00007ff7bad82e30:   00007ff81a19f530 0000000000000000   0...............
0x00007ff7bad82e40:   00007ff7bad82f90 0000000000000100   ./..............
0x00007ff7bad82e50:   0000600000a06240 00007ff7bad82f91   @b...`.../......
0x00007ff7bad82e60:   00007ff7bad82ef0 00007ff823c4438e   .........C.#....
0x00007ff7bad82e70:   00007ff7bad82f90 00007ff7bad82e90   ./..............
0x00007ff7bad82e80:   b4bc5de74fe40011 0000600001160630   ...O.]..0....`..
0x00007ff7bad82e90:   0000000000000028 0000000000000029   (.......).......
0x00007ff7bad82ea0:   0000600001ed5160 0000000000000029   `Q...`..).......
0x00007ff7bad82eb0:   00007ff7bad82ee0 00007ff81a5ba1b1   ..........[.....
0x00007ff7bad82ec0:   00007ff7bad82ef0 00007ff81a181d28   ........(.......
0x00007ff7bad82ed0:   00007f968d00a000 00007f968e12e1a0   ................
0x00007ff7bad82ee0:   00007ff85c3d8478 000060000347e7d8   x.=\......G..`..
0x00007ff7bad82ef0:   00007ff7bad82f10 00007ff81a15dd84   ./..............
0x00007ff7bad82f00:   0000000000000000 00007f968e12e1a0   ................
0x00007ff7bad82f10:   00007ff7bad82f30 00007ff81a15da95   0/..............
0x00007ff7bad82f20:   0000600003b0c978 0000600001ed5160   x....`..`Q...`..
0x00007ff7bad82f30:   00007ff7bad830c0 00007ff823c461fe   .0.......a.#....
0x00007ff7bad82f40:   0000600001ed5160 00007f968d009530   `Q...`..0.......
0x00007ff7bad82f50:   000060000347e7d8 0000600003b0c960   ..G..`..`....`..
0x00007ff7bad82f60:   00007ff7bad830c0 00007ff823c44a36   .0......6J.#....

Instructions: (pc=0x000000010628fb5e)
  0x000000010628fa5e:   48 8b 05 bb 36 01 00 48 8b 00 48 3b 45 d0 0f 84
  0x000000010628fa6e:   1f ff ff ff e8 e9 6c 00 00 66 0f 1f 84 00 00 00
  0x000000010628fa7e:   00 00 55 48 89 e5 41 57 41 56 41 55 41 54 53 48
  0x000000010628fa8e:   81 ec 08 04 00 00 48 8b 05 85 36 01 00 48 8b 00
  0x000000010628fa9e:   48 89 45 d0 48 8d 05 6f de 01 00 48 8b 00 48 83
  0x000000010628faae:   3c 07 00 0f 85 cf 00 00 00 49 89 fe 48 8b 35 0f
  0x000000010628fabe:   c5 01 00 ff 15 a9 36 01 00 4c 8d 25 c2 0c 02 00
  0x000000010628face:   49 8b 3c 24 48 85 ff 0f 85 83 00 00 00 48 8b 05
  0x000000010628fade:   46 36 01 00 48 8b 38 48 8d 35 41 d1 00 00 48 8d
  0x000000010628faee:   15 87 03 01 00 48 8d 0d fb 02 01 00 41 b8 60 00
  0x000000010628fafe:   00 00 31 c0 e8 ad 6c 00 00 48 8d 9d d0 fb ff ff
  0x000000010628fb0e:   48 89 df be 80 00 00 00 e8 5d 6c 00 00 41 89 c7
  0x000000010628fb1e:   48 89 df 89 c6 e8 56 6c 00 00 49 89 c5 45 85 ff
  0x000000010628fb2e:   7e 22 45 89 ff 31 db 66 66 2e 0f 1f 84 00 00 00
  0x000000010628fb3e:   00 00 49 8b 7c dd 00 e8 32 6e 00 00 48 ff c3 49
  0x000000010628fb4e:   39 df 75 ee 4c 89 ef e8 66 6c 00 00 49 8b 3c 24
=>0x000000010628fb5e:   48 8b 1f 48 8d 05 80 dd 01 00 48 8b 00 49 8b 34
  0x000000010628fb6e:   06 48 8d 05 9a 0c 02 00 48 8b 10 b9 1d 02 00 00
  0x000000010628fb7e:   31 c0 ff 93 e8 01 00 00 48 8b 05 93 35 01 00 48
  0x000000010628fb8e:   8b 00 48 3b 45 d0 75 12 48 81 c4 08 04 00 00 5b
  0x000000010628fb9e:   41 5c 41 5d 41 5e 41 5f 5d c3 e8 b3 6b 00 00 0f
  0x000000010628fbae:   1f 00 55 48 89 e5 41 57 41 56 41 55 41 54 53 50
  0x000000010628fbbe:   48 89 fb 48 8d 05 28 dd 01 00 4c 8b 20 4a 8b 3c
  0x000000010628fbce:   27 4c 8b 35 7a cf 01 00 4c 89 f6 ff 15 91 35 01
  0x000000010628fbde:   00 48 85 c0 74 22 4a 8b 3c 23 4c 8b 3d 81 35 01
  0x000000010628fbee:   00 4c 89 f6 41 ff d7 4a 8b 14 23 48 8b 35 78 d0
  0x000000010628fbfe:   01 00 48 89 c7 41 ff d7 48 89 5d d0 4a 8b 3c 23
  0x000000010628fc0e:   48 8b 35 bb c6 01 00 4c 8b 3d 54 35 01 00 41 ff
  0x000000010628fc1e:   d7 48 89 c3 48 8b 35 37 c7 01 00 48 89 c7 41 ff
  0x000000010628fc2e:   d7 48 85 c0 74 46 4c 8b 25 a5 ce 01 00 4c 8b 2d
  0x000000010628fc3e:   ae c6 01 00 45 31 f6 66 66 2e 0f 1f 84 00 00 00
  0x000000010628fc4e:   00 00 48 89 df 4c 89 e6 4c 89 f2 41 ff d7 48 89



---------------  P R O C E S S  ---------------

VM state: not at safepoint (normal execution)

VM Mutex/Monitor currently owned by a thread: None

Heap address: 0x0000000780000000, size: 2048 MB, Compressed Oops mode: Zero based, Oop shift amount: 3

CDS archive(s) mapped at: [0x0000000123000000-0x0000000123d94000-0x0000000123d94000), size 14237696, SharedBaseAddress: 0x0000000123000000, ArchiveRelocationMode: 1.
Compressed class space mapped at: 0x0000000124000000-0x0000000164000000, reserved size: 1073741824
UseCompressedClassPointers 1, UseCompactObjectHeaders 0
Narrow klass pointer bits 32, Max shift 3
Narrow klass base: 0x0000000123000000, Narrow klass shift: 0
Encoding Range: [0x0000000123000000 - 0x0000000223000000), (4294967296 bytes)
Klass Range:    [0x0000000123004000 - 0x0000000164000000), (1090502656 bytes)
Klass ID Range:  [16384 - 1090519033) (1090502649)
Protection zone: [0x0000000123000000 - 0x0000000123004000), (16384 bytes)

GC Precious Log:
<Skipped>

Heap:
 garbage-first heap   total reserved 2097152K, committed 51200K, used 28181K [0x0000000780000000, 0x0000000800000000)
  region size 1024K, 15 young (15360K), 2 survivors (2048K)

Heap Regions: E=young(eden), S=young(survivor), O=old, HS=humongous(starts), HC=humongous(continues), CS=collection set, F=free, TAMS=top-at-mark-start, PB=parsable bottom
|   0|0x0000000780000000, 0x0000000780100000, 0x0000000780100000|100%|HS|  |TAMS 0x0000000780000000| PB 0x0000000780000000| Complete |  0
|   1|0x0000000780100000, 0x0000000780200000, 0x0000000780200000|100%|HS|  |TAMS 0x0000000780100000| PB 0x0000000780100000| Complete |  0
|   2|0x0000000780200000, 0x0000000780200000, 0x0000000780300000|  0%| F|  |TAMS 0x0000000780200000| PB 0x0000000780200000| Untracked |  0
|   3|0x0000000780300000, 0x0000000780400000, 0x0000000780400000|100%| O|  |TAMS 0x0000000780300000| PB 0x0000000780300000| Untracked |  0
|   4|0x0000000780400000, 0x0000000780400000, 0x0000000780500000|  0%| F|  |TAMS 0x0000000780400000| PB 0x0000000780400000| Untracked |  0
|   5|0x0000000780500000, 0x0000000780600000, 0x0000000780600000|100%|HS|  |TAMS 0x0000000780500000| PB 0x0000000780500000| Complete |  0
|   6|0x0000000780600000, 0x0000000780700000, 0x0000000780700000|100%|HC|  |TAMS 0x0000000780600000| PB 0x0000000780600000| Complete |  0
|   7|0x0000000780700000, 0x0000000780800000, 0x0000000780800000|100%|HS|  |TAMS 0x0000000780700000| PB 0x0000000780700000| Complete |  0
|   8|0x0000000780800000, 0x0000000780900000, 0x0000000780900000|100%| O|  |TAMS 0x0000000780800000| PB 0x0000000780800000| Untracked |  0
|   9|0x0000000780900000, 0x0000000780a00000, 0x0000000780a00000|100%| O|  |TAMS 0x0000000780900000| PB 0x0000000780900000| Untracked |  0
|  10|0x0000000780a00000, 0x0000000780b00000, 0x0000000780b00000|100%| O|  |TAMS 0x0000000780a00000| PB 0x0000000780a00000| Untracked |  0
|  11|0x0000000780b00000, 0x0000000780c00000, 0x0000000780c00000|100%| O|  |TAMS 0x0000000780b00000| PB 0x0000000780b00000| Untracked |  0
|  12|0x0000000780c00000, 0x0000000780d00000, 0x0000000780d00000|100%| O|  |TAMS 0x0000000780c00000| PB 0x0000000780c00000| Untracked |  0
|  13|0x0000000780d00000, 0x0000000780d66f00, 0x0000000780e00000| 40%| O|  |TAMS 0x0000000780d00000| PB 0x0000000780d00000| Untracked |  0
|  14|0x0000000780e00000, 0x0000000780e00000, 0x0000000780f00000|  0%| F|  |TAMS 0x0000000780e00000| PB 0x0000000780e00000| Untracked |  0
|  15|0x0000000780f00000, 0x0000000780f00000, 0x0000000781000000|  0%| F|  |TAMS 0x0000000780f00000| PB 0x0000000780f00000| Untracked |  0
|  16|0x0000000781000000, 0x0000000781000000, 0x0000000781100000|  0%| F|  |TAMS 0x0000000781000000| PB 0x0000000781000000| Untracked |  0
|  17|0x0000000781100000, 0x0000000781100000, 0x0000000781200000|  0%| F|  |TAMS 0x0000000781100000| PB 0x0000000781100000| Untracked |  0
|  18|0x0000000781200000, 0x0000000781200000, 0x0000000781300000|  0%| F|  |TAMS 0x0000000781200000| PB 0x0000000781200000| Untracked |  0
|  19|0x0000000781300000, 0x0000000781300000, 0x0000000781400000|  0%| F|  |TAMS 0x0000000781300000| PB 0x0000000781300000| Untracked |  0
|  20|0x0000000781400000, 0x0000000781400000, 0x0000000781500000|  0%| F|  |TAMS 0x0000000781400000| PB 0x0000000781400000| Untracked |  0
|  21|0x0000000781500000, 0x0000000781500000, 0x0000000781600000|  0%| F|  |TAMS 0x0000000781500000| PB 0x0000000781500000| Untracked |  0
|  22|0x0000000781600000, 0x0000000781600000, 0x0000000781700000|  0%| F|  |TAMS 0x0000000781600000| PB 0x0000000781600000| Untracked |  0
|  23|0x0000000781700000, 0x0000000781700000, 0x0000000781800000|  0%| F|  |TAMS 0x0000000781700000| PB 0x0000000781700000| Untracked |  0
|  24|0x0000000781800000, 0x0000000781800000, 0x0000000781900000|  0%| F|  |TAMS 0x0000000781800000| PB 0x0000000781800000| Untracked |  0
|  25|0x0000000781900000, 0x0000000781900000, 0x0000000781a00000|  0%| F|  |TAMS 0x0000000781900000| PB 0x0000000781900000| Untracked |  0
|  26|0x0000000781a00000, 0x0000000781a00000, 0x0000000781b00000|  0%| F|  |TAMS 0x0000000781a00000| PB 0x0000000781a00000| Untracked |  0
|  27|0x0000000781b00000, 0x0000000781b00000, 0x0000000781c00000|  0%| F|  |TAMS 0x0000000781b00000| PB 0x0000000781b00000| Untracked |  0
|  28|0x0000000781c00000, 0x0000000781c00000, 0x0000000781d00000|  0%| F|  |TAMS 0x0000000781c00000| PB 0x0000000781c00000| Untracked |  0
|  29|0x0000000781d00000, 0x0000000781d00000, 0x0000000781e00000|  0%| F|  |TAMS 0x0000000781d00000| PB 0x0000000781d00000| Untracked |  0
|  30|0x0000000781e00000, 0x0000000781e00000, 0x0000000781f00000|  0%| F|  |TAMS 0x0000000781e00000| PB 0x0000000781e00000| Untracked |  0
|  31|0x0000000781f00000, 0x0000000781f00000, 0x0000000782000000|  0%| F|  |TAMS 0x0000000781f00000| PB 0x0000000781f00000| Untracked |  0
|  32|0x0000000782000000, 0x0000000782000000, 0x0000000782100000|  0%| F|  |TAMS 0x0000000782000000| PB 0x0000000782000000| Untracked |  0
|  33|0x0000000782100000, 0x0000000782200000, 0x0000000782200000|100%| E|  |TAMS 0x0000000782100000| PB 0x0000000782100000| Complete |  0
|  34|0x0000000782200000, 0x0000000782300000, 0x0000000782300000|100%| E|CS|TAMS 0x0000000782200000| PB 0x0000000782200000| Complete |  0
|  35|0x0000000782300000, 0x0000000782400000, 0x0000000782400000|100%| E|CS|TAMS 0x0000000782300000| PB 0x0000000782300000| Complete |  0
|  36|0x0000000782400000, 0x0000000782500000, 0x0000000782500000|100%| E|CS|TAMS 0x0000000782400000| PB 0x0000000782400000| Complete |  0
|  37|0x0000000782500000, 0x0000000782600000, 0x0000000782600000|100%| E|CS|TAMS 0x0000000782500000| PB 0x0000000782500000| Complete |  0
|  38|0x0000000782600000, 0x0000000782700000, 0x0000000782700000|100%| E|CS|TAMS 0x0000000782600000| PB 0x0000000782600000| Complete |  0
|  39|0x0000000782700000, 0x0000000782800000, 0x0000000782800000|100%| E|CS|TAMS 0x0000000782700000| PB 0x0000000782700000| Complete |  0
|  40|0x0000000782800000, 0x0000000782900000, 0x0000000782900000|100%| E|CS|TAMS 0x0000000782800000| PB 0x0000000782800000| Complete |  0
|  41|0x0000000782900000, 0x0000000782a00000, 0x0000000782a00000|100%| E|CS|TAMS 0x0000000782900000| PB 0x0000000782900000| Complete |  0
|  42|0x0000000782a00000, 0x0000000782b00000, 0x0000000782b00000|100%| E|CS|TAMS 0x0000000782a00000| PB 0x0000000782a00000| Complete |  0
|  43|0x0000000782b00000, 0x0000000782c00000, 0x0000000782c00000|100%| E|CS|TAMS 0x0000000782b00000| PB 0x0000000782b00000| Complete |  0
|  44|0x0000000782c00000, 0x0000000782d00000, 0x0000000782d00000|100%| E|CS|TAMS 0x0000000782c00000| PB 0x0000000782c00000| Complete |  0
| 118|0x0000000787600000, 0x00000007876fef10, 0x0000000787700000| 99%| S|CS|TAMS 0x0000000787600000| PB 0x0000000787600000| Complete |  0
| 119|0x0000000787700000, 0x0000000787800000, 0x0000000787800000|100%| S|CS|TAMS 0x0000000787700000| PB 0x0000000787700000| Complete |  0
| 127|0x0000000787f00000, 0x0000000788000000, 0x0000000788000000|100%| E|CS|TAMS 0x0000000787f00000| PB 0x0000000787f00000| Complete |  0
|2046|0x00000007ffe00000, 0x00000007fff00000, 0x00000007fff00000|100%| O|  |TAMS 0x00000007ffe00000| PB 0x00000007ffe00000| Untracked |  0
|2047|0x00000007fff00000, 0x00000007fff1f8b0, 0x0000000800000000| 12%| O|Cm|TAMS 0x00000007fff00000| PB 0x00000007fff00000| Complete |  0

Card table byte_map: [0x0000000105843000,0x0000000105c43000] _byte_map_base: 0x0000000101c43000

Marking Bits: (CMBitMap*) 0x00007f968d00e210
 Bits: [0x000000011ef8f000, 0x0000000120f8f000)

Polling page: 0x00000001051c1000

Metaspace:
Metaspace        used 21632K, committed 22080K, reserved 1114112K
 class space     used 3185K, committed 3392K, reserved 1048576K

Usage:
  Non-class:     18,02 MB used.
      Class:      3,11 MB used.
       Both:     21,13 MB used.

Virtual space:
  Non-class space:       64,00 MB reserved,      18,25 MB ( 29%) committed,  1 nodes.
      Class space:        1,00 GB reserved,       3,31 MB ( <1%) committed,  1 nodes.
             Both:        1,06 GB reserved,      21,56 MB (  2%) committed. 

Chunk freelists:
   Non-Class:  13,22 MB
       Class:  12,59 MB
        Both:  25,81 MB

MaxMetaspaceSize: unlimited
CompressedClassSpaceSize: 1,00 GB
Initial GC threshold: 21,00 MB
Current GC threshold: 35,25 MB
CDS: on
 - commit_granule_bytes: 65536.
 - commit_granule_words: 8192.
 - virtual_space_node_default_size: 8388608.
 - enlarge_chunks_in_place: 1.
UseCompressedClassPointers 1, UseCompactObjectHeaders 0
Narrow klass pointer bits 32, Max shift 3
Narrow klass base: 0x0000000123000000, Narrow klass shift: 0
Encoding Range: [0x0000000123000000 - 0x0000000223000000), (4294967296 bytes)
Klass Range:    [0x0000000123004000 - 0x0000000164000000), (1090502656 bytes)
Klass ID Range:  [16384 - 1090519033) (1090502649)
Protection zone: [0x0000000123000000 - 0x0000000123004000), (16384 bytes)


Internal statistics:

num_allocs_failed_limit: 3.
num_arena_births: 456.
num_arena_deaths: 0.
num_vsnodes_births: 2.
num_vsnodes_deaths: 0.
num_space_committed: 345.
num_space_uncommitted: 0.
num_chunks_returned_to_freelist: 3.
num_chunks_taken_from_freelist: 1159.
num_chunk_merges: 3.
num_chunk_splits: 797.
num_chunks_enlarged: 586.
num_inconsistent_stats: 0.

CodeHeap 'non-profiled nmethods': size=120032Kb used=3703Kb max_used=3703Kb free=116328Kb
 bounds [0x0000000117a57000, 0x0000000117df7000, 0x000000011ef8f000]
CodeHeap 'profiled nmethods': size=120028Kb used=11136Kb max_used=11136Kb free=108891Kb
 bounds [0x000000010ff8f000, 0x0000000110a7f000, 0x00000001174c6000]
CodeHeap 'non-nmethods': size=5700Kb used=1869Kb max_used=2005Kb free=3830Kb
 bounds [0x00000001174c6000, 0x0000000117736000, 0x0000000117a57000]
CodeCache: size=245760Kb, used=16708Kb, max_used=16844Kb, free=229049Kb
 total_blobs=7515, nmethods=6647, adapters=772, full_count=0
Compilation: enabled, stopped_count=0, restarted_count=0

Compilation events (20 events):
Event: 398,521 Thread 0x00007f9690808200 nmethod 6649 0x0000000110a6c588 code [0x0000000110a6c680, 0x0000000110a6cf58]
Event: 398,521 Thread 0x00007f9690808200 6650       3       javafx.scene.control.skin.CellSkinBase$StyleableProperties$1::isSettable (31 bytes)
Event: 398,521 Thread 0x00007f968d827a00 nmethod 6646 0x0000000117df3c08 code [0x0000000117df3d00, 0x0000000117df3e48]
Event: 398,521 Thread 0x00007f968d827a00 6651       4       java.util.AbstractList::listIterator (6 bytes)
Event: 398,526 Thread 0x00007f9690808200 nmethod 6650 0x0000000110a6cf88 code [0x0000000110a6d080, 0x0000000110a6d810]
Event: 398,526 Thread 0x00007f9690808200 6653       3       javafx.scene.layout.Region::boundedSize (44 bytes)
Event: 398,526 Thread 0x00007f9690808200 nmethod 6653 0x0000000110a6d888 code [0x0000000110a6d980, 0x0000000110a6db98]
Event: 398,526 Thread 0x00007f9690808200 6648       3       java.util.Collections$EmptyList::equals (25 bytes)
Event: 398,527 Thread 0x00007f9690808200 nmethod 6648 0x0000000110a6dc08 code [0x0000000110a6dd00, 0x0000000110a6e120]
Event: 398,527 Thread 0x00007f9690808200 6652       3       javafx.css.StyleConverter::getCachedValue (18 bytes)
Event: 398,527 Thread 0x00007f9690808200 nmethod 6652 0x0000000110a6e188 code [0x0000000110a6e280, 0x0000000110a6e4b0]
Event: 398,533 Thread 0x00007f968d827a00 nmethod 6651 0x0000000117df3f08 code [0x0000000117df4000, 0x0000000117df4458]
Event: 398,533 Thread 0x00007f968d827a00 6654       4       javafx.scene.layout.Region::boundedNodeSizeWithBias (285 bytes)
Event: 398,544 Thread 0x00007f968d827a00 nmethod 6654 0x0000000117df4488 code [0x0000000117df45a0, 0x0000000117df4b10]
Event: 398,584 Thread 0x00007f9690808200 6655       1       java.util.Collections$EmptySet::contains (2 bytes)
Event: 398,584 Thread 0x00007f9690808200 nmethod 6655 0x0000000117df4b88 code [0x0000000117df4c80, 0x0000000117df4d40]
Event: 398,588 Thread 0x00007f9690808200 6656       3       java.lang.invoke.BoundMethodHandle::bindSingleL (7 bytes)
Event: 398,588 Thread 0x00007f9690808200 nmethod 6656 0x0000000110a6e508 code [0x0000000110a6e600, 0x0000000110a6e710]
Event: 399,720 Thread 0x00007f9690808200 6657       3       javafx.scene.Scene$DnDGesture::processDragDetection (116 bytes)
Event: 399,724 Thread 0x00007f9690808200 nmethod 6657 0x0000000110a6e808 code [0x0000000110a6e900, 0x0000000110a6f2e8]

GC Heap Usage History (10 events):
Event: 2,386 {heap Before GC invocations=0 (full 0):
 garbage-first heap   total reserved 2097152K, committed 133120K, used 52350K [0x0000000780000000, 0x0000000800000000)
  region size 1024K, 47 young (48128K), 0 survivors (0K)
}
Event: 2,394 {heap After GC invocations=1 (full 0):
 garbage-first heap   total reserved 2097152K, committed 133120K, used 10806K [0x0000000780000000, 0x0000000800000000)
  region size 1024K, 6 young (6144K), 6 survivors (6144K)
}
Event: 71,991 {heap Before GC invocations=1 (full 0):
 garbage-first heap   total reserved 2097152K, committed 133120K, used 68150K [0x0000000780000000, 0x0000000800000000)
  region size 1024K, 58 young (59392K), 6 survivors (6144K)
}
Event: 72,013 {heap After GC invocations=2 (full 0):
 garbage-first heap   total reserved 2097152K, committed 133120K, used 13968K [0x0000000780000000, 0x0000000800000000)
  region size 1024K, 3 young (3072K), 3 survivors (3072K)
}
Event: 243,863 {heap Before GC invocations=2 (full 0):
 garbage-first heap   total reserved 2097152K, committed 133120K, used 79504K [0x0000000780000000, 0x0000000800000000)
  region size 1024K, 67 young (68608K), 3 survivors (3072K)
}
Event: 243,877 {heap After GC invocations=3 (full 0):
 garbage-first heap   total reserved 2097152K, committed 133120K, used 13696K [0x0000000780000000, 0x0000000800000000)
  region size 1024K, 2 young (2048K), 2 survivors (2048K)
}
Event: 370,230 {heap Before GC invocations=3 (full 0):
 garbage-first heap   total reserved 2097152K, committed 133120K, used 89472K [0x0000000780000000, 0x0000000800000000)
  region size 1024K, 76 young (77824K), 2 survivors (2048K)
}
Event: 370,244 {heap After GC invocations=4 (full 0):
 garbage-first heap   total reserved 2097152K, committed 133120K, used 14036K [0x0000000780000000, 0x0000000800000000)
  region size 1024K, 3 young (3072K), 3 survivors (3072K)
}
Event: 390,770 {heap Before GC invocations=4 (full 0):
 garbage-first heap   total reserved 2097152K, committed 133120K, used 21204K [0x0000000780000000, 0x0000000800000000)
  region size 1024K, 11 young (11264K), 3 survivors (3072K)
}
Event: 390,779 {heap After GC invocations=5 (full 0):
 garbage-first heap   total reserved 2097152K, committed 133120K, used 13845K [0x0000000780000000, 0x0000000800000000)
  region size 1024K, 2 young (2048K), 2 survivors (2048K)
}

Metaspace Usage History (10 events):
Event: 2,386 {metaspace Before GC invocations=0 (full 0):
 Metaspace       used 15906K, committed 16128K, reserved 1114112K
  class space    used 2505K, committed 2624K, reserved 1048576K
}
Event: 2,394 {metaspace After GC invocations=1 (full 0):
 Metaspace       used 15906K, committed 16128K, reserved 1114112K
  class space    used 2505K, committed 2624K, reserved 1048576K
}
Event: 71,991 {metaspace Before GC invocations=1 (full 0):
 Metaspace       used 20092K, committed 20480K, reserved 1114112K
  class space    used 2957K, committed 3136K, reserved 1048576K
}
Event: 72,013 {metaspace After GC invocations=2 (full 0):
 Metaspace       used 20092K, committed 20480K, reserved 1114112K
  class space    used 2957K, committed 3136K, reserved 1048576K
}
Event: 243,863 {metaspace Before GC invocations=2 (full 0):
 Metaspace       used 20464K, committed 20800K, reserved 1114112K
  class space    used 2960K, committed 3136K, reserved 1048576K
}
Event: 243,877 {metaspace After GC invocations=3 (full 0):
 Metaspace       used 20464K, committed 20800K, reserved 1114112K
  class space    used 2960K, committed 3136K, reserved 1048576K
}
Event: 370,231 {metaspace Before GC invocations=3 (full 0):
 Metaspace       used 20557K, committed 20928K, reserved 1114112K
  class space    used 2963K, committed 3136K, reserved 1048576K
}
Event: 370,244 {metaspace After GC invocations=4 (full 0):
 Metaspace       used 20557K, committed 20928K, reserved 1114112K
  class space    used 2963K, committed 3136K, reserved 1048576K
}
Event: 390,770 {metaspace Before GC invocations=4 (full 0):
 Metaspace       used 21097K, committed 21504K, reserved 1114112K
  class space    used 3062K, committed 3264K, reserved 1048576K
}
Event: 390,779 {metaspace After GC invocations=5 (full 0):
 Metaspace       used 21097K, committed 21504K, reserved 1114112K
  class space    used 3062K, committed 3264K, reserved 1048576K
}

Dll operation events (13 events):
Event: 0,009 Loaded shared library /Users/samuelewu/Library/Java/JavaVirtualMachines/openjdk-25.0.2/Contents/Home/lib/libjava.dylib
Event: 0,061 Loaded shared library /Users/samuelewu/Library/Java/JavaVirtualMachines/openjdk-25.0.2/Contents/Home/lib/libnio.dylib
Event: 0,086 Loaded shared library /Users/samuelewu/Library/Java/JavaVirtualMachines/openjdk-25.0.2/Contents/Home/lib/libzip.dylib
Event: 0,118 Loaded shared library /Users/samuelewu/Library/Java/JavaVirtualMachines/openjdk-25.0.2/Contents/Home/lib/libnet.dylib
Event: 0,157 Loaded shared library /Users/samuelewu/Library/Java/JavaVirtualMachines/openjdk-25.0.2/Contents/Home/lib/libjimage.dylib
Event: 0,192 Loaded shared library /Users/samuelewu/Library/Java/JavaVirtualMachines/openjdk-25.0.2/Contents/Home/lib/libextnet.dylib
Event: 0,301 Loaded shared library /Users/samuelewu/Library/Java/JavaVirtualMachines/openjdk-25.0.2/Contents/Home/lib/librmi.dylib
Event: 0,563 Loading shared library /Users/samuelewu/IdeaProjects/ing-sw-2026-vitale-wu-romeoretez-vaccai/target/libprism_es2.dylib failed, dlopen(/Users/samuelewu/IdeaProjects/ing-sw-2026-vitale-wu-romeoretez-vaccai/target/libprism_es2.dylib, 0x0001): tried: '/Users/
Event: 0,579 Loaded shared library /Users/samuelewu/.openjfx/cache/21.0.4+1/x86_64/libprism_es2.dylib
Event: 0,681 Loading shared library /Users/samuelewu/IdeaProjects/ing-sw-2026-vitale-wu-romeoretez-vaccai/target/libglass.dylib failed, dlopen(/Users/samuelewu/IdeaProjects/ing-sw-2026-vitale-wu-romeoretez-vaccai/target/libglass.dylib, 0x0001): tried: '/Users/samuelew
Event: 0,693 Loaded shared library /Users/samuelewu/.openjfx/cache/21.0.4+1/x86_64/libglass.dylib
Event: 1,094 Loading shared library /Users/samuelewu/IdeaProjects/ing-sw-2026-vitale-wu-romeoretez-vaccai/target/libjavafx_font.dylib failed, dlopen(/Users/samuelewu/IdeaProjects/ing-sw-2026-vitale-wu-romeoretez-vaccai/target/libjavafx_font.dylib, 0x0001): tried: '/Us
Event: 1,098 Loaded shared library /Users/samuelewu/.openjfx/cache/21.0.4+1/x86_64/libjavafx_font.dylib

Deoptimization events (20 events):
Event: 398,639 Thread 0x00007f968d129000 Uncommon trap: trap_request=0xffffff45 fr.pc=0x0000000117cbddc4 relative=0x00000000000000c4
Event: 398,639 Thread 0x00007f968d129000 Uncommon trap: reason=unstable_if action=reinterpret pc=0x0000000117cbddc4 method=java.util.concurrent.locks.ReentrantLock$NonfairSync.initialTryLock()Z @ 10 c2
Event: 398,639 Thread 0x00007f968d129000 DEOPT PACKING pc=0x0000000117cbddc4 sp=0x00007ff7bad7f1f0
Event: 398,639 Thread 0x00007f968d129000 DEOPT UNPACKING pc=0x00000001175e7af9 sp=0x00007ff7bad7f198 mode 2
Event: 399,716 Thread 0x00007f968d129000 Uncommon trap: trap_request=0xffffff45 fr.pc=0x0000000117d62c3c relative=0x00000000000007bc
Event: 399,716 Thread 0x00007f968d129000 Uncommon trap: reason=unstable_if action=reinterpret pc=0x0000000117d62c3c method=com.sun.javafx.tk.quantum.QuantumToolkit.runWithoutRenderLock(Ljava/util/function/Supplier;)Ljava/lang/Object; @ 8 c2
Event: 399,716 Thread 0x00007f968d129000 DEOPT PACKING pc=0x0000000117d62c3c sp=0x00007ff7bad81030
Event: 399,716 Thread 0x00007f968d129000 DEOPT UNPACKING pc=0x00000001175e7af9 sp=0x00007ff7bad80d08 mode 2
Event: 399,716 Thread 0x00007f968d129000 Uncommon trap: trap_request=0xffffff45 fr.pc=0x0000000117d441e0 relative=0x0000000000002060
Event: 399,716 Thread 0x00007f968d129000 Uncommon trap: reason=unstable_if action=reinterpret pc=0x0000000117d441e0 method=javafx.scene.Scene$MouseHandler.handleEnterExit(Ljavafx/scene/input/MouseEvent;Ljavafx/scene/Scene$TargetWrapper;)V @ 168 c2
Event: 399,716 Thread 0x00007f968d129000 DEOPT PACKING pc=0x0000000117d441e0 sp=0x00007ff7bad80a50
Event: 399,716 Thread 0x00007f968d129000 DEOPT UNPACKING pc=0x00000001175e7af9 sp=0x00007ff7bad80a28 mode 2
Event: 399,716 Thread 0x00007f968d129000 Uncommon trap: trap_request=0xffffff45 fr.pc=0x0000000117d49938 relative=0x0000000000003598
Event: 399,716 Thread 0x00007f968d129000 Uncommon trap: reason=unstable_if action=reinterpret pc=0x0000000117d49938 method=javafx.scene.Scene$MouseHandler.process(Ljavafx/scene/input/MouseEvent;Z)V @ 523 c2
Event: 399,717 Thread 0x00007f968d129000 DEOPT PACKING pc=0x0000000117d49938 sp=0x00007ff7bad80ae0
Event: 399,717 Thread 0x00007f968d129000 DEOPT UNPACKING pc=0x00000001175e7af9 sp=0x00007ff7bad80b10 mode 2
Event: 399,746 Thread 0x00007f968d129000 Uncommon trap: trap_request=0xffffff45 fr.pc=0x0000000117d4a040 relative=0x0000000000003ca0
Event: 399,746 Thread 0x00007f968d129000 Uncommon trap: reason=unstable_if action=reinterpret pc=0x0000000117d4a040 method=javafx.scene.Scene$ClickGenerator.postProcess(Ljavafx/scene/input/MouseEvent;Ljavafx/scene/Scene$TargetWrapper;Ljavafx/scene/Scene$TargetWrapper;)V @ 153 c2
Event: 399,746 Thread 0x00007f968d129000 DEOPT PACKING pc=0x0000000117d4a040 sp=0x00007ff7bad83120
Event: 399,746 Thread 0x00007f968d129000 DEOPT UNPACKING pc=0x00000001175e7af9 sp=0x00007ff7bad830b8 mode 2

Classes loaded (20 events):
Event: 44,730 Loading class java/lang/runtime/SwitchBootstraps$MappedEnumCache
Event: 44,730 Loading class java/lang/runtime/SwitchBootstraps$MappedEnumCache done
Event: 107,105 Loading class java/lang/invoke/MethodHandleImpl$CountingWrapper$1
Event: 107,105 Loading class java/lang/invoke/MethodHandleImpl$CountingWrapper$1 done
Event: 390,748 Loading class sun/reflect/generics/tree/BottomSignature
Event: 390,748 Loading class sun/reflect/generics/tree/BottomSignature done
Event: 390,748 Loading class sun/reflect/generics/tree/Wildcard
Event: 390,748 Loading class sun/reflect/generics/tree/Wildcard done
Event: 390,749 Loading class sun/reflect/generics/reflectiveObjects/WildcardTypeImpl
Event: 390,749 Loading class java/lang/reflect/WildcardType
Event: 390,749 Loading class java/lang/reflect/WildcardType done
Event: 390,749 Loading class sun/reflect/generics/reflectiveObjects/WildcardTypeImpl done
Event: 398,587 Loading class java/util/Vector$1
Event: 398,587 Loading class java/util/Vector$1 done
Event: 399,747 Loading class java/lang/Throwable$WrappedPrintStream
Event: 399,747 Loading class java/lang/Throwable$PrintStreamOrWriter
Event: 399,747 Loading class java/lang/Throwable$PrintStreamOrWriter done
Event: 399,747 Loading class java/lang/Throwable$WrappedPrintStream done
Event: 399,749 Loading class java/lang/StackTraceElement$HashedModules
Event: 399,751 Loading class java/lang/StackTraceElement$HashedModules done

Classes unloaded (0 events):
No events

Classes redefined (0 events):
No events

Internal exceptions (20 events):
Event: 44,725 Thread 0x00007f968d129000 Exception <a 'java/lang/NoSuchMethodError'{0x0000000786931588}: 'java.lang.Object java.lang.invoke.DirectMethodHandle$Holder.newInvokeSpecial(java.lang.Object, java.lang.Object, int, java.lang.Object)'> (0x0000000786931588) 
thrown [open/src/hotspot/share/interpreter/linkResolver.cpp, line 804]
Event: 44,727 Thread 0x00007f968d129000 Exception <a 'java/lang/NoSuchMethodError'{0x000000078693dc60}: 'void java.lang.invoke.DirectMethodHandle$Holder.invokeStatic(java.lang.Object, java.lang.Object, java.lang.Object, java.lang.Object)'> (0x000000078693dc60) 
thrown [open/src/hotspot/share/interpreter/linkResolver.cpp, line 804]
Event: 44,732 Thread 0x00007f968d129000 Exception <a 'java/lang/NoSuchMethodError'{0x000000078696dda0}: 'int java.lang.invoke.DelegatingMethodHandle$Holder.reinvoke_L(java.lang.Object, java.lang.Object, int, java.lang.Object, java.lang.Object, java.lang.Object, java.lang.Object)'> (0x000000078696dda0) 
thrown [open/src/hotspot/share/interpreter/linkResolver.cpp, line 804]
Event: 50,198 Thread 0x00007f968d129000 Exception <a 'java/lang/NoSuchMethodError'{0x00000007866dd420}: static Lorg/adsl/shared/network/requests/MoveRequest;.<clinit>()V> (0x00000007866dd420) 
thrown [open/src/hotspot/share/prims/jni.cpp, line 1106]
Event: 50,199 Thread 0x00007f968d129000 Exception <a 'java/lang/NoSuchMethodError'{0x00000007866e7c98}: 'java.lang.Object java.lang.invoke.DirectMethodHandle$Holder.newInvokeSpecial(java.lang.Object, int, java.lang.Object)'> (0x00000007866e7c98) 
thrown [open/src/hotspot/share/interpreter/linkResolver.cpp, line 804]
Event: 390,639 Thread 0x00007f968e8b5200 Exception <a 'java/lang/NoSuchMethodError'{0x0000000787bbae10}: static Lorg/adsl/shared/network/responses/GameEnded;.<clinit>()V> (0x0000000787bbae10) 
thrown [open/src/hotspot/share/prims/jni.cpp, line 1106]
Event: 390,649 Thread 0x00007f968e8b5200 Exception <a 'java/lang/NoSuchMethodError'{0x0000000787bcb488}: 'java.lang.Object java.lang.invoke.DirectMethodHandle$Holder.invokeSpecial(java.lang.Object, java.lang.Object, int, java.lang.Object, int)'> (0x0000000787bcb488) 
thrown [open/src/hotspot/share/interpreter/linkResolver.cpp, line 804]
Event: 390,649 Thread 0x00007f968e8b5200 Exception <a 'java/lang/NoSuchMethodError'{0x0000000787bcf5f0}: 'java.lang.Object java.lang.invoke.DelegatingMethodHandle$Holder.reinvoke_L(java.lang.Object, int, java.lang.Object, int)'> (0x0000000787bcf5f0) 
thrown [open/src/hotspot/share/interpreter/linkResolver.cpp, line 804]
Event: 390,854 Thread 0x00007f968d129000 Implicit null exception at 0x0000000117d694ad to 0x0000000117d6b49c
Event: 390,921 Thread 0x00007f968d129000 Implicit null exception at 0x0000000117c93a8d to 0x0000000117c94768
Event: 390,928 Thread 0x00007f968d129000 Implicit null exception at 0x0000000117d5f0b7 to 0x0000000117d60e88
Event: 390,959 Thread 0x00007f968d129000 Implicit null exception at 0x0000000117d397b5 to 0x0000000117d3b81c
Event: 390,968 Thread 0x00007f968d124800 Implicit null exception at 0x0000000117d83e2d to 0x0000000117d84885
Event: 390,972 Thread 0x00007f968d124800 Implicit null exception at 0x0000000117d85661 to 0x0000000117d8587f
Event: 390,984 Thread 0x00007f968d124800 Implicit null exception at 0x0000000117c4c7b2 to 0x0000000117c4d1e8
Event: 390,989 Thread 0x00007f968d124800 Implicit null exception at 0x0000000117c464e1 to 0x0000000117c48bd4
Event: 398,584 Thread 0x00007f968d129000 Exception <a 'java/lang/NoSuchMethodError'{0x0000000782157e88}: static Lorg/adsl/shared/network/requests/ClientDisconnected;.<clinit>()V> (0x0000000782157e88) 
thrown [open/src/hotspot/share/prims/jni.cpp, line 1106]
Event: 398,587 Thread 0x00007f9690808c00 Exception <a 'java/lang/InterruptedException'{0x00000007821aa200}> (0x00000007821aa200) 
thrown [open/src/hotspot/share/runtime/objectMonitor.cpp, line 1972]
Event: 399,747 Thread 0x00007f968d124800 Implicit null exception at 0x00000001108cd97e to 0x00000001108cdf72
Event: 399,747 Thread 0x00007f968d124800 Exception <a 'java/lang/NullPointerException'{0x00000007824bba18}> (0x00000007824bba18) 
thrown [open/src/hotspot/share/runtime/sharedRuntime.cpp, line 681]

VM Operations (20 events):
Event: 300,734 Executing non-safepoint VM operation: HandshakeAllThreads (HandshakeForDeflation)
Event: 300,734 Executing non-safepoint VM operation: HandshakeAllThreads (HandshakeForDeflation) done
Event: 300,734 Executing non-safepoint VM operation: RendezvousGCThreads
Event: 300,734 Executing non-safepoint VM operation: RendezvousGCThreads done
Event: 360,975 Executing non-safepoint VM operation: HandshakeAllThreads (HandshakeForDeflation)
Event: 360,975 Executing non-safepoint VM operation: HandshakeAllThreads (HandshakeForDeflation) done
Event: 360,975 Executing non-safepoint VM operation: RendezvousGCThreads
Event: 360,975 Executing non-safepoint VM operation: RendezvousGCThreads done
Event: 370,230 Executing safepoint VM operation: G1CollectForAllocation (G1 Evacuation Pause)
Event: 370,244 Executing safepoint VM operation: G1CollectForAllocation (G1 Evacuation Pause) done
Event: 390,770 Executing safepoint VM operation: CollectForMetadataAllocation (Metadata GC Threshold)
Event: 390,779 Executing safepoint VM operation: CollectForMetadataAllocation (Metadata GC Threshold) done
Event: 390,799 Executing safepoint VM operation: G1PauseRemark
Event: 390,813 Executing safepoint VM operation: G1PauseRemark done
Event: 390,818 Executing safepoint VM operation: G1PauseCleanup
Event: 390,818 Executing safepoint VM operation: G1PauseCleanup done
Event: 390,880 Executing non-safepoint VM operation: HandshakeAllThreads (Deoptimize)
Event: 390,880 Executing non-safepoint VM operation: HandshakeAllThreads (Deoptimize) done
Event: 390,984 Executing non-safepoint VM operation: HandshakeAllThreads (Deoptimize)
Event: 390,984 Executing non-safepoint VM operation: HandshakeAllThreads (Deoptimize) done

Memory protections (20 events):
Event: 370,158 Protecting memory [0x0000700001ea9000,0x0000700001ead000] with protection modes 0
Event: 370,870 Protecting memory [0x0000700001ea9000,0x0000700001ead000] with protection modes 3
Event: 378,876 Protecting memory [0x0000700001ea9000,0x0000700001ead000] with protection modes 0
Event: 379,217 Protecting memory [0x0000700001ea9000,0x0000700001ead000] with protection modes 3
Event: 384,598 Protecting memory [0x0000700001ea9000,0x0000700001ead000] with protection modes 0
Event: 384,898 Protecting memory [0x0000700001ea9000,0x0000700001ead000] with protection modes 3
Event: 385,148 Protecting memory [0x0000700001ea9000,0x0000700001ead000] with protection modes 0
Event: 385,471 Protecting memory [0x0000700001ea9000,0x0000700001ead000] with protection modes 3
Event: 387,851 Protecting memory [0x0000700001f2c000,0x0000700001f30000] with protection modes 0
Event: 388,148 Protecting memory [0x0000700001f2c000,0x0000700001f30000] with protection modes 3
Event: 389,445 Protecting memory [0x0000700001f2c000,0x0000700001f30000] with protection modes 0
Event: 390,072 Protecting memory [0x0000700001f2c000,0x0000700001f30000] with protection modes 3
Event: 390,101 Protecting memory [0x0000700001f2c000,0x0000700001f30000] with protection modes 0
Event: 391,295 Protecting memory [0x0000700001f2c000,0x0000700001f30000] with protection modes 3
Event: 396,448 Protecting memory [0x00007000032e8000,0x00007000032ec000] with protection modes 0
Event: 396,746 Protecting memory [0x00007000032e8000,0x00007000032ec000] with protection modes 3
Event: 397,935 Protecting memory [0x00007000032e8000,0x00007000032ec000] with protection modes 0
Event: 398,588 Protecting memory [0x0000700002cd6000,0x0000700002cda000] with protection modes 3
Event: 399,746 Protecting memory [0x00007ff7ba587000,0x00007ff7ba58b000] with protection modes 3
Event: 399,767 Protecting memory [0x00007000030e2000,0x00007000030e6000] with protection modes 3

Nmethod flushes (0 events):
No events

Events (20 events):
Event: 370,158 Thread 0x00007f968dabc400 Thread added: 0x00007f968dabc400
Event: 370,870 Thread 0x00007f968dabc400 Thread exited: 0x00007f968dabc400
Event: 378,876 Thread 0x00007f96909d8800 Thread added: 0x00007f96909d8800
Event: 379,217 Thread 0x00007f96909d8800 Thread exited: 0x00007f96909d8800
Event: 384,598 Thread 0x00007f968d599000 Thread added: 0x00007f968d599000
Event: 384,898 Thread 0x00007f968d599000 Thread exited: 0x00007f968d599000
Event: 385,148 Thread 0x00007f968dab7a00 Thread added: 0x00007f968dab7a00
Event: 385,471 Thread 0x00007f968dab7a00 Thread exited: 0x00007f968dab7a00
Event: 387,851 Thread 0x00007f968dab7a00 Thread added: 0x00007f968dab7a00
Event: 388,148 Thread 0x00007f968dab7a00 Thread exited: 0x00007f968dab7a00
Event: 389,445 Thread 0x00007f968d599000 Thread added: 0x00007f968d599000
Event: 390,072 Thread 0x00007f968d599000 Thread exited: 0x00007f968d599000
Event: 390,101 Thread 0x00007f9691331800 Thread added: 0x00007f9691331800
Event: 391,295 Thread 0x00007f9691331800 Thread exited: 0x00007f9691331800
Event: 396,448 Thread 0x00007f968db6d800 Thread added: 0x00007f968db6d800
Event: 396,746 Thread 0x00007f968db6d800 Thread exited: 0x00007f968db6d800
Event: 397,935 Thread 0x00007f968ddb5200 Thread added: 0x00007f968ddb5200
Event: 398,588 Thread 0x00007f9690808c00 Thread exited: 0x00007f9690808c00
Event: 399,747 Thread 0x00007f968d129000 Thread exited: 0x00007f968d129000
Event: 399,767 Thread 0x00007f968d124800 Thread exited: 0x00007f968d124800


Dynamic libraries:
0x000000010519b000 	/Users/samuelewu/Library/Java/JavaVirtualMachines/openjdk-25.0.2/Contents/Home/lib/libjli.dylib
0x00007ff828996000 	/usr/lib/libz.1.dylib
0x00007ff828a81000 	/usr/lib/libSystem.B.dylib
0x00007ff828a7b000 	/usr/lib/system/libcache.dylib
0x00007ff828a34000 	/usr/lib/system/libcommonCrypto.dylib
0x00007ff828a5e000 	/usr/lib/system/libcompiler_rt.dylib
0x00007ff828a52000 	/usr/lib/system/libcopyfile.dylib
0x00007ff81a29a000 	/usr/lib/system/libcorecrypto.dylib
0x00007ff81a398000 	/usr/lib/system/libdispatch.dylib
0x00007ff81a54b000 	/usr/lib/system/libdyld.dylib
0x00007ff828a71000 	/usr/lib/system/libkeymgr.dylib
0x00007ff828a19000 	/usr/lib/system/libmacho.dylib
0x00007ff827d49000 	/usr/lib/system/libquarantine.dylib
0x00007ff828a6e000 	/usr/lib/system/libremovefile.dylib
0x00007ff820178000 	/usr/lib/system/libsystem_asl.dylib
0x00007ff81a234000 	/usr/lib/system/libsystem_blocks.dylib
0x00007ff81a3e3000 	/usr/lib/system/libsystem_c.dylib
0x00007ff828a66000 	/usr/lib/system/libsystem_collections.dylib
0x00007ff826c13000 	/usr/lib/system/libsystem_configuration.dylib
0x00007ff825963000 	/usr/lib/system/libsystem_containermanager.dylib
0x00007ff8285df000 	/usr/lib/system/libsystem_coreservices.dylib
0x00007ff81dba9000 	/usr/lib/system/libsystem_darwin.dylib
0x00007ffd298fb000 	/usr/lib/system/libsystem_darwindirectory.dylib
0x00007ff828a72000 	/usr/lib/system/libsystem_dnssd.dylib
0x00007ffd29900000 	/usr/lib/system/libsystem_eligibility.dylib
0x00007ff81a3e0000 	/usr/lib/system/libsystem_featureflags.dylib
0x00007ff81a584000 	/usr/lib/system/libsystem_info.dylib
0x00007ff8289aa000 	/usr/lib/system/libsystem_m.dylib
0x00007ff81a34d000 	/usr/lib/system/libsystem_malloc.dylib
0x00007ff8200e8000 	/usr/lib/system/libsystem_networkextension.dylib
0x00007ff81dfe6000 	/usr/lib/system/libsystem_notify.dylib
0x00007ff826c17000 	/usr/lib/system/libsystem_sandbox.dylib
0x00007ffd29908000 	/usr/lib/system/libsystem_sanitizers.dylib
0x00007ff828a6b000 	/usr/lib/system/libsystem_secinit.dylib
0x00007ff81a502000 	/usr/lib/system/libsystem_kernel.dylib
0x00007ff81a57a000 	/usr/lib/system/libsystem_platform.dylib
0x00007ff81a53f000 	/usr/lib/system/libsystem_pthread.dylib
0x00007ff821f28000 	/usr/lib/system/libsystem_symptoms.dylib
0x00007ff81a27f000 	/usr/lib/system/libsystem_trace.dylib
0x00007ff828a41000 	/usr/lib/system/libunwind.dylib
0x00007ff81a238000 	/usr/lib/system/libxpc.dylib
0x00007ff81a153000 	/usr/lib/libobjc.A.dylib
0x00007ff81a5b3000 	/System/Library/Frameworks/CoreFoundation.framework/Versions/A/CoreFoundation
0x00007ff82c4bf000 	/usr/lib/swift/libswiftCore.dylib
0x00007ff81a4eb000 	/usr/lib/libc++abi.dylib
0x00007ffd28355000 	/usr/lib/libRosetta.dylib
0x00007ff81a46c000 	/usr/lib/libc++.1.dylib
0x00007ff81b717000 	/System/Library/Frameworks/Foundation.framework/Versions/C/Foundation
0x00007ff8352c4000 	/usr/lib/swift/libswiftObjectiveC.dylib
0x00007ff81de9d000 	/System/Library/PrivateFrameworks/CoreServicesInternal.framework/Versions/A/CoreServicesInternal
0x00007ff828a4a000 	/usr/lib/liboah.dylib
0x00007ff828a83000 	/usr/lib/libfakelink.dylib
0x00007ff81d900000 	/usr/lib/libicucore.A.dylib
0x00007ff828a86000 	/System/Library/PrivateFrameworks/SoftLinking.framework/Versions/A/SoftLinking
0x00007ff830976000 	/System/Library/Frameworks/CoreServices.framework/Versions/A/CoreServices
0x00007ff81d522000 	/System/Library/Frameworks/Security.framework/Versions/A/Security
0x00007ff81df20000 	/System/Library/Frameworks/IOKit.framework/Versions/A/IOKit
0x00007ff8348bf000 	/System/Library/PrivateFrameworks/DiskImages.framework/Versions/A/DiskImages
0x00007ff91ff42000 	/System/Library/Frameworks/NetFS.framework/Versions/A/NetFS
0x00007ff81fd41000 	/System/Library/Frameworks/CFNetwork.framework/Versions/A/CFNetwork
0x00007ff823ef2000 	/System/Library/Frameworks/CoreServices.framework/Versions/A/Frameworks/FSEvents.framework/Versions/A/FSEvents
0x00007ff81dbb4000 	/System/Library/Frameworks/CoreServices.framework/Versions/A/Frameworks/CarbonCore.framework/Versions/A/CarbonCore
0x00007ff8230e0000 	/System/Library/Frameworks/CoreServices.framework/Versions/A/Frameworks/Metadata.framework/Versions/A/Metadata
0x00007ff8285e6000 	/System/Library/Frameworks/CoreServices.framework/Versions/A/Frameworks/OSServices.framework/Versions/A/OSServices
0x00007ff828bb0000 	/System/Library/Frameworks/CoreServices.framework/Versions/A/Frameworks/SearchKit.framework/Versions/A/SearchKit
0x00007ff821ea8000 	/System/Library/Frameworks/CoreServices.framework/Versions/A/Frameworks/AE.framework/Versions/A/AE
0x00007ff81aa68000 	/System/Library/Frameworks/CoreServices.framework/Versions/A/Frameworks/LaunchServices.framework/Versions/A/LaunchServices
0x00007ff82a1c3000 	/System/Library/Frameworks/CoreServices.framework/Versions/A/Frameworks/DictionaryServices.framework/Versions/A/DictionaryServices
0x00007ff823f00000 	/System/Library/Frameworks/CoreServices.framework/Versions/A/Frameworks/SharedFileList.framework/Versions/A/SharedFileList
0x00007ff81b3a2000 	/System/Library/Frameworks/SystemConfiguration.framework/Versions/A/SystemConfiguration
0x00007ff828c32000 	/usr/lib/libapple_nghttp2.dylib
0x00007ff828c7f000 	/usr/lib/libcompression.dylib
0x00007ff821b04000 	/usr/lib/libsqlite3.dylib
0x00007ff823053000 	/System/Library/PrivateFrameworks/CoreAnalytics.framework/Versions/A/CoreAnalytics
0x00007ff82067e000 	/System/Library/Frameworks/CoreGraphics.framework/Versions/A/CoreGraphics
0x00007ff82d0a0000 	/System/Library/Frameworks/GSS.framework/Versions/A/GSS
0x00007ff82b6c6000 	/System/Library/PrivateFrameworks/InternationalSupport.framework/Versions/A/InternationalSupport
0x00007ff821e43000 	/System/Library/PrivateFrameworks/RunningBoardServices.framework/Versions/A/RunningBoardServices
0x00007ff820102000 	/usr/lib/libenergytrace.dylib
0x00007ff821f30000 	/System/Library/Frameworks/Network.framework/Versions/A/Network
0x00007ff823081000 	/usr/lib/libDiagnosticMessagesClient.dylib
0x00007ff827d6e000 	/usr/lib/libbsm.0.dylib
0x00007ff828a1d000 	/usr/lib/system/libkxld.dylib
0x00007ffb2cb6c000 	/System/Library/PrivateFrameworks/AppleKeyStore.framework/Versions/A/AppleKeyStore
0x00007ffd28222000 	/usr/lib/libCoreEntitlements.dylib
0x00007ffc27acb000 	/System/Library/PrivateFrameworks/MessageSecurity.framework/Versions/A/MessageSecurity
0x00007ff821aea000 	/System/Library/PrivateFrameworks/ProtocolBuffer.framework/Versions/A/ProtocolBuffer
0x00007ff820103000 	/usr/lib/libMobileGestalt.dylib
0x00007ff8285c5000 	/System/Library/PrivateFrameworks/AppleFSCompression.framework/Versions/A/AppleFSCompression
0x00007ff827d56000 	/usr/lib/libcoretls.dylib
0x00007ff82a231000 	/usr/lib/libcoretls_cfhelpers.dylib
0x00007ff828c79000 	/usr/lib/libpam.2.dylib
0x00007ff82a2ab000 	/usr/lib/libxar.1.dylib
0x00007ff823f2b000 	/System/Library/PrivateFrameworks/CoreAutoLayout.framework/Versions/A/CoreAutoLayout
0x00007ff823168000 	/System/Library/Frameworks/DiskArbitration.framework/Versions/A/DiskArbitration
0x00007ff828ad5000 	/usr/lib/libarchive.2.dylib
0x00007ff823f75000 	/usr/lib/libxml2.2.dylib
0x00007ff826c24000 	/usr/lib/liblangid.dylib
0x00007ff82e7e5000 	/System/Library/Frameworks/Combine.framework/Versions/A/Combine
0x00007ffb3082d000 	/System/Library/PrivateFrameworks/CollectionsInternal.framework/Versions/A/CollectionsInternal
0x00007ffc2ff52000 	/System/Library/PrivateFrameworks/ReflectionInternal.framework/Versions/A/ReflectionInternal
0x00007ffc30b01000 	/System/Library/PrivateFrameworks/RuntimeInternal.framework/Versions/A/RuntimeInternal
0x00007ff922e99000 	/usr/lib/swift/libswiftCoreFoundation.dylib
0x00007ff92040b000 	/usr/lib/swift/libswiftDarwin.dylib
0x00007ff832751000 	/usr/lib/swift/libswiftDispatch.dylib
0x00007ff922ee7000 	/usr/lib/swift/libswiftIOKit.dylib
0x00007ffd2955c000 	/usr/lib/swift/libswiftSystem.dylib
0x00007ff922ea9000 	/usr/lib/swift/libswiftXPC.dylib
0x00007ffd295c8000 	/usr/lib/swift/libswift_Builtin_float.dylib
0x00007ffd295cb000 	/usr/lib/swift/libswift_Concurrency.dylib
0x00007ffd29714000 	/usr/lib/swift/libswift_StringProcessing.dylib
0x00007ffd29799000 	/usr/lib/swift/libswift_errno.dylib
0x00007ffd2979b000 	/usr/lib/swift/libswift_math.dylib
0x00007ffd2979e000 	/usr/lib/swift/libswift_signal.dylib
0x00007ffd2979f000 	/usr/lib/swift/libswift_stdio.dylib
0x00007ffd297a0000 	/usr/lib/swift/libswift_time.dylib
0x00007ff8352c8000 	/usr/lib/swift/libswiftos.dylib
0x00007ffd297a1000 	/usr/lib/swift/libswiftsys_time.dylib
0x00007ffd297a2000 	/usr/lib/swift/libswiftunistd.dylib
0x00007ff826c1f000 	/System/Library/PrivateFrameworks/AppleSystemInfo.framework/Versions/A/AppleSystemInfo
0x00007ff922d8b000 	/System/Library/PrivateFrameworks/LoggingSupport.framework/Versions/A/LoggingSupport
0x00007ff8318d8000 	/System/Library/PrivateFrameworks/PowerLog.framework/Versions/A/PowerLog
0x00007ffb27545000 	/System/Library/Frameworks/SwiftData.framework/Versions/A/SwiftData
0x00007ff81f77e000 	/System/Library/Frameworks/UniformTypeIdentifiers.framework/Versions/A/UniformTypeIdentifiers
0x00007ff8240ea000 	/System/Library/PrivateFrameworks/UserManagement.framework/Versions/A/UserManagement
0x00007ff81fc66000 	/usr/lib/libboringssl.dylib
0x00007ff821f18000 	/usr/lib/libdns_services.dylib
0x00007ff921f90000 	/usr/lib/libquic.dylib
0x00007ff82c447000 	/usr/lib/libusrtcp.dylib
0x00007ffa27100000 	/System/Library/PrivateFrameworks/InternalSwiftProtobuf.framework/Versions/A/InternalSwiftProtobuf
0x00007ffd294a0000 	/usr/lib/swift/libswiftDistributed.dylib
0x00007ffd294c9000 	/usr/lib/swift/libswiftObservation.dylib
0x00007ffd29552000 	/usr/lib/swift/libswiftSynchronization.dylib
0x00007ff81fd40000 	/usr/lib/libnetwork.dylib
0x00007ff933e7b000 	/System/Library/PrivateFrameworks/OSAnalytics.framework/Versions/A/OSAnalytics
0x00007ff828c10000 	/System/Library/PrivateFrameworks/AppleSauce.framework/Versions/A/AppleSauce
0x00007ff832ee4000 	/System/Library/PrivateFrameworks/CoreSymbolication.framework/Versions/A/CoreSymbolication
0x00007ffa22a85000 	/System/Library/PrivateFrameworks/Symbolication.framework/Versions/A/Symbolication
0x00007ff832ec4000 	/System/Library/PrivateFrameworks/DebugSymbols.framework/Versions/A/DebugSymbols
0x00007ffd280e1000 	/usr/lib/libAppleArchive.dylib
0x00007ff8285d0000 	/usr/lib/libbz2.1.0.dylib
0x00007ff82a211000 	/usr/lib/liblzma.5.dylib
0x00007ff827a5a000 	/System/Library/PrivateFrameworks/IOMobileFramebuffer.framework/Versions/A/IOMobileFramebuffer
0x00007ff825992000 	/System/Library/Frameworks/IOSurface.framework/Versions/A/IOSurface
0x00007ff922e19000 	/System/Library/PrivateFrameworks/MallocStackLogging.framework/Versions/A/MallocStackLogging
0x00007ff82a501000 	/System/Library/PrivateFrameworks/CrashReporterSupport.framework/Versions/A/CrashReporterSupport
0x00007ff81b156000 	/System/Library/PrivateFrameworks/Lexicon.framework/Versions/A/Lexicon
0x00007ffc20907000 	/System/Library/PrivateFrameworks/IO80211.framework/Versions/A/IO80211
0x00007ff8329c7000 	/System/Library/PrivateFrameworks/FrontBoardServices.framework/Versions/A/FrontBoardServices
0x00007ff827c88000 	/System/Library/Frameworks/SecurityFoundation.framework/Versions/A/SecurityFoundation
0x00007ff827dd9000 	/usr/lib/libgermantok.dylib
0x00007ff826d34000 	/System/Library/PrivateFrameworks/LinguisticData.framework/Versions/A/LinguisticData
0x00007ff821d60000 	/System/Library/PrivateFrameworks/BaseBoard.framework/Versions/A/BaseBoard
0x00007ff832a95000 	/System/Library/PrivateFrameworks/BoardServices.framework/Versions/A/BoardServices
0x00007ff827c7b000 	/System/Library/PrivateFrameworks/AssertionServices.framework/Versions/A/AssertionServices
0x00007ff8346f7000 	/System/Library/PrivateFrameworks/BackBoardServices.framework/Versions/A/BackBoardServices
0x00007ff8263a7000 	/System/Library/Frameworks/ImageIO.framework/Versions/A/ImageIO
0x00007ff8201b0000 	/System/Library/PrivateFrameworks/SkyLight.framework/Versions/A/SkyLight
0x00007ff825dae000 	/System/Library/PrivateFrameworks/FontServices.framework/libFontParser.dylib
0x00007ff830c22000 	/System/Library/Frameworks/Accelerate.framework/Versions/A/Accelerate
0x00007ff820190000 	/System/Library/PrivateFrameworks/TCC.framework/Versions/A/TCC
0x00007ff8380f7000 	/System/Library/PrivateFrameworks/IOSurfaceAccelerator.framework/Versions/A/IOSurfaceAccelerator
0x00007ff82ade0000 	/System/Library/PrivateFrameworks/WatchdogClient.framework/Versions/A/WatchdogClient
0x00007ff81c6bb000 	/System/Library/Frameworks/CoreDisplay.framework/Versions/A/CoreDisplay
0x00007ff825c5a000 	/System/Library/Frameworks/CoreMedia.framework/Versions/A/CoreMedia
0x00007ff8259aa000 	/System/Library/PrivateFrameworks/IOAccelerator.framework/Versions/A/IOAccelerator
0x00007ff8259b3000 	/System/Library/Frameworks/Metal.framework/Versions/A/Metal
0x00007ff824058000 	/System/Library/Frameworks/CoreVideo.framework/Versions/A/CoreVideo
0x00007ff828c77000 	/System/Library/Frameworks/MetalPerformanceShaders.framework/Versions/A/MetalPerformanceShaders
0x00007ff82ade2000 	/System/Library/PrivateFrameworks/MultitouchSupport.framework/Versions/A/MultitouchSupport
0x00007ff823839000 	/System/Library/Frameworks/QuartzCore.framework/Versions/A/QuartzCore
0x00007ffc2f394000 	/System/Library/PrivateFrameworks/ProDisplayLibrary.framework/Versions/A/ProDisplayLibrary
0x00007ff82ae26000 	/System/Library/Frameworks/VideoToolbox.framework/Versions/A/VideoToolbox
0x00007ff92fd91000 	/usr/lib/swift/libswiftMetal.dylib
0x00007ffa1ef38000 	/usr/lib/swift/libswiftOSLog.dylib
0x00007ff93515e000 	/usr/lib/swift/libswiftQuartzCore.dylib
0x00007ffa199fd000 	/usr/lib/swift/libswiftUniformTypeIdentifiers.dylib
0x00007ff926905000 	/usr/lib/swift/libswiftsimd.dylib
0x00007ff827c60000 	/System/Library/PrivateFrameworks/MobileKeyBag.framework/Versions/A/MobileKeyBag
0x00007ff826c1e000 	/System/Library/PrivateFrameworks/AggregateDictionary.framework/Versions/A/AggregateDictionary
0x00007ff82a233000 	/System/Library/PrivateFrameworks/APFS.framework/Versions/A/APFS
0x00007ff82a2b9000 	/usr/lib/libutil.dylib
0x00007ffd191db000 	/System/Library/PrivateFrameworks/SwiftASN1Internal.framework/Versions/A/SwiftASN1Internal
0x00007ff823170000 	/System/Library/Frameworks/Accelerate.framework/Versions/A/Frameworks/vImage.framework/Versions/A/vImage
0x00007ff83094d000 	/System/Library/Frameworks/Accelerate.framework/Versions/A/Frameworks/vecLib.framework/Versions/A/vecLib
0x00007ff82a2ee000 	/System/Library/Frameworks/Accelerate.framework/Versions/A/Frameworks/vecLib.framework/Versions/A/libvMisc.dylib
0x00007ff81aef0000 	/System/Library/Frameworks/Accelerate.framework/Versions/A/Frameworks/vecLib.framework/Versions/A/libBLAS.dylib
0x00007ff834de9000 	/System/Library/Frameworks/ApplicationServices.framework/Versions/A/ApplicationServices
0x00007ff820f71000 	/System/Library/Frameworks/ColorSync.framework/Versions/A/ColorSync
0x00007ff81cba8000 	/System/Library/Frameworks/CoreText.framework/Versions/A/CoreText
0x00007ff82ccb9000 	/System/Library/Frameworks/ApplicationServices.framework/Versions/A/Frameworks/ATS.framework/Versions/A/ATS
0x00007ff821126000 	/System/Library/Frameworks/ApplicationServices.framework/Versions/A/Frameworks/HIServices.framework/Versions/A/HIServices
0x00007ff82b595000 	/System/Library/Frameworks/ApplicationServices.framework/Versions/A/Frameworks/PrintCore.framework/Versions/A/PrintCore
0x00007ff82d06a000 	/System/Library/Frameworks/ApplicationServices.framework/Versions/A/Frameworks/QD.framework/Versions/A/QD
0x00007ff82d062000 	/System/Library/Frameworks/ApplicationServices.framework/Versions/A/Frameworks/ColorSyncLegacy.framework/Versions/A/ColorSyncLegacy
0x00007ff82cc8f000 	/System/Library/Frameworks/ApplicationServices.framework/Versions/A/Frameworks/SpeechSynthesis.framework/Versions/A/SpeechSynthesis
0x00007ff827a28000 	/System/Library/PrivateFrameworks/CoreEmoji.framework/Versions/A/CoreEmoji
0x00007ffb36755000 	/System/Library/PrivateFrameworks/FontServices.framework/Versions/A/FontServices
0x00007ff82a944000 	/System/Library/PrivateFrameworks/OTSVG.framework/Versions/A/OTSVG
0x00007ff823be7000 	/System/Library/Frameworks/ApplicationServices.framework/Versions/A/Frameworks/ATS.framework/Versions/A/Resources/libFontRegistry.dylib
0x00007ffd2889c000 	/usr/lib/libhvf.dylib
0x00007ffc2b971000 	/System/Library/PrivateFrameworks/ParsingInternal.framework/Versions/A/ParsingInternal
0x00007ffd294e5000 	/usr/lib/swift/libswiftRegexBuilder.dylib
0x00007ffd29666000 	/usr/lib/swift/libswift_RegexParser.dylib
0x00007ff82aca6000 	/System/Library/PrivateFrameworks/AppleJPEG.framework/Versions/A/AppleJPEG
0x00007ff82a764000 	/usr/lib/libexpat.1.dylib
0x00007ff82b45c000 	/System/Library/Frameworks/ImageIO.framework/Versions/A/Resources/libPng.dylib
0x00007ff82b48a000 	/System/Library/Frameworks/ImageIO.framework/Versions/A/Resources/libTIFF.dylib
0x00007ff82b580000 	/System/Library/Frameworks/ImageIO.framework/Versions/A/Resources/libGIF.dylib
0x00007ff82acf3000 	/System/Library/Frameworks/ImageIO.framework/Versions/A/Resources/libJP2.dylib
0x00007ff82a462000 	/usr/lib/libate.dylib
0x00007ff82b51f000 	/System/Library/Frameworks/ImageIO.framework/Versions/A/Resources/libJPEG.dylib
0x00007ff82b516000 	/System/Library/Frameworks/ImageIO.framework/Versions/A/Resources/libRadiance.dylib
0x00007ffc1cadb000 	/System/Library/PrivateFrameworks/GPUCompiler.framework/Versions/32023/Libraries/libllvm-flatbuffers.dylib
0x00007ffb36820000 	/System/Library/PrivateFrameworks/FramePacing.framework/Versions/A/FramePacing
0x00007ffb1e7c5000 	/System/Library/Frameworks/OpenGL.framework/Versions/A/Libraries/libCoreFSCache.dylib
0x00007ffb37438000 	/System/Library/PrivateFrameworks/GPUCompiler.framework/Versions/32023/Libraries/libGPUCompilerUtils.dylib
0x00007ffb36756000 	/System/Library/PrivateFrameworks/FontServices.framework/libXTFontStaticRegistryData.dylib
0x00007ff826740000 	/System/Library/Frameworks/CoreImage.framework/Versions/A/CoreImage
0x00007ffc2e66f000 	/System/Library/PrivateFrameworks/PhotosensitivityProcessing.framework/Versions/A/PhotosensitivityProcessing
0x00007ffb1e7d1000 	/System/Library/Frameworks/OpenGL.framework/Versions/A/OpenGL
0x00007ffb1fd95000 	/System/Library/Frameworks/OpenCL.framework/Versions/A/OpenCL
0x00007ff82a935000 	/System/Library/PrivateFrameworks/GraphVisualizer.framework/Versions/A/GraphVisualizer
0x00007ffb1e823000 	/System/Library/Frameworks/OpenGL.framework/Versions/A/Libraries/libGLU.dylib
0x00007ffb1e7e4000 	/System/Library/Frameworks/OpenGL.framework/Versions/A/Libraries/libGFXShared.dylib
0x00007ffb1e9e0000 	/System/Library/Frameworks/OpenGL.framework/Versions/A/Libraries/libGL.dylib
0x00007ffb1e7ed000 	/System/Library/Frameworks/OpenGL.framework/Versions/A/Libraries/libGLImage.dylib
0x00007ffb1e7e1000 	/System/Library/Frameworks/OpenGL.framework/Versions/A/Libraries/libCVMSPluginSupport.dylib
0x00007ffb1e7cc000 	/System/Library/Frameworks/OpenGL.framework/Versions/A/Libraries/libCoreVMClient.dylib
0x00007ff826b58000 	/System/Library/Frameworks/MetalPerformanceShaders.framework/Versions/A/Frameworks/MPSCore.framework/Versions/A/MPSCore
0x00007ff828520000 	/System/Library/Frameworks/MetalPerformanceShaders.framework/Versions/A/Frameworks/MPSImage.framework/Versions/A/MPSImage
0x00007ff827df2000 	/System/Library/Frameworks/MetalPerformanceShaders.framework/Versions/A/Frameworks/MPSNeuralNetwork.framework/Versions/A/MPSNeuralNetwork
0x00007ff828352000 	/System/Library/Frameworks/MetalPerformanceShaders.framework/Versions/A/Frameworks/MPSMatrix.framework/Versions/A/MPSMatrix
0x00007ff828108000 	/System/Library/Frameworks/MetalPerformanceShaders.framework/Versions/A/Frameworks/MPSRayIntersector.framework/Versions/A/MPSRayIntersector
0x00007ff828391000 	/System/Library/Frameworks/MetalPerformanceShaders.framework/Versions/A/Frameworks/MPSNDArray.framework/Versions/A/MPSNDArray
0x00007ffb24851000 	/System/Library/Frameworks/MetalPerformanceShaders.framework/Versions/A/Frameworks/MPSFunctions.framework/Versions/A/MPSFunctions
0x00007ffb24833000 	/System/Library/Frameworks/MetalPerformanceShaders.framework/Versions/A/Frameworks/MPSBenchmarkLoop.framework/Versions/A/MPSBenchmarkLoop
0x00007ff81ad61000 	/System/Library/PrivateFrameworks/MetalTools.framework/Versions/A/MetalTools
0x00007ff927e54000 	/System/Library/PrivateFrameworks/IOAccelMemoryInfo.framework/Versions/A/IOAccelMemoryInfo
0x00007ff935564000 	/System/Library/PrivateFrameworks/kperf.framework/Versions/A/kperf
0x00007ff922e7b000 	/System/Library/PrivateFrameworks/GPURawCounter.framework/Versions/A/GPURawCounter
0x00007ff82b551000 	/System/Library/Frameworks/ApplicationServices.framework/Versions/A/Frameworks/ATSUI.framework/Versions/A/ATSUI
0x00007ff82cff4000 	/usr/lib/libcups.2.dylib
0x00007ff82d091000 	/System/Library/Frameworks/Kerberos.framework/Versions/A/Kerberos
0x00007ff82ccfc000 	/usr/lib/libresolv.9.dylib
0x00007ff828abd000 	/usr/lib/libiconv.2.dylib
0x00007ff82a99c000 	/System/Library/PrivateFrameworks/Heimdal.framework/Versions/A/Heimdal
0x00007ff83521c000 	/System/Library/Frameworks/Kerberos.framework/Versions/A/Libraries/libHeimdalProxy.dylib
0x00007ff82a780000 	/usr/lib/libheimdal-asn1.dylib
0x00007ff823eca000 	/System/Library/Frameworks/OpenDirectory.framework/Versions/A/OpenDirectory
0x00007ff82d0e9000 	/System/Library/PrivateFrameworks/CommonAuth.framework/Versions/A/CommonAuth
0x00007ff823ed6000 	/System/Library/Frameworks/OpenDirectory.framework/Versions/A/Frameworks/CFOpenDirectory.framework/Versions/A/CFOpenDirectory
0x00007ff828a18000 	/usr/lib/libcharset.1.dylib
0x00007ffb2187d000 	/System/Library/Frameworks/AVFAudio.framework/Versions/A/AVFAudio
0x00007ff91c8e3000 	/System/Library/PrivateFrameworks/AXCoreUtilities.framework/Versions/A/AXCoreUtilities
0x00007ff82ca7f000 	/System/Library/Frameworks/AudioToolbox.framework/Versions/A/AudioToolbox
0x00007ff81cde2000 	/System/Library/Frameworks/CoreAudio.framework/Versions/A/CoreAudio
0x00007ffc23bd7000 	/System/Library/PrivateFrameworks/IsolatedCoreAudioClient.framework/Versions/A/IsolatedCoreAudioClient
0x00007ff82cc77000 	/usr/lib/libAudioStatistics.dylib
0x00007ff825c36000 	/System/Library/PrivateFrameworks/caulk.framework/Versions/A/caulk
0x00007ff81c7e6000 	/System/Library/PrivateFrameworks/AudioToolboxCore.framework/Versions/A/AudioToolboxCore
0x00007ff8376b5000 	/System/Library/Frameworks/CoreMIDI.framework/Versions/A/CoreMIDI
0x00007ff82cc1d000 	/System/Library/PrivateFrameworks/AudioSession.framework/Versions/A/AudioSession
0x00007ff82e568000 	/System/Library/Frameworks/IOBluetooth.framework/Versions/A/IOBluetooth
0x00007ff82a86c000 	/System/Library/PrivateFrameworks/MediaExperience.framework/Versions/A/MediaExperience
0x00007ffd1bc2a000 	/System/Library/PrivateFrameworks/Tightbeam.framework/Versions/A/Tightbeam
0x00007ffb311f0000 	/System/Library/PrivateFrameworks/CoreAudioOrchestration.framework/Versions/A/CoreAudioOrchestration
0x00007ffa1a042000 	/System/Library/PrivateFrameworks/AFKUser.framework/Versions/A/AFKUser
0x00007ffa2dee7000 	/System/Library/PrivateFrameworks/FeatureFlags.framework/Versions/A/FeatureFlags
0x00007ff922e7f000 	/usr/lib/swift/libswiftCoreAudio.dylib
0x00007ff82a98a000 	/System/Library/PrivateFrameworks/AppServerSupport.framework/Versions/A/AppServerSupport
0x00007ff82d074000 	/System/Library/PrivateFrameworks/perfdata.framework/Versions/A/perfdata
0x00007ff92207c000 	/System/Library/PrivateFrameworks/SystemPolicy.framework/Versions/A/SystemPolicy
0x00007ff82cf13000 	/usr/lib/libSMC.dylib
0x00007ff82b427000 	/usr/lib/libAudioToolboxUtility.dylib
0x00007ff82d082000 	/usr/lib/libperfcheck.dylib
0x00007ffb2d78b000 	/System/Library/PrivateFrameworks/AudioAnalytics.framework/Versions/A/AudioAnalytics
0x00007ffa26ed5000 	/System/Library/Frameworks/OSLog.framework/Versions/A/OSLog
0x00007ff922e49000 	/usr/lib/libmis.dylib
0x00007ff82ca3e000 	/System/Library/PrivateFrameworks/AudioSession.framework/libSessionUtility.dylib
0x00007ff82b586000 	/System/Library/PrivateFrameworks/CMCaptureCore.framework/Versions/A/CMCaptureCore
0x00007ff82a995000 	/usr/lib/libspindump.dylib
0x00007ffb22da1000 	/System/Library/Frameworks/ExtensionFoundation.framework/Versions/A/ExtensionFoundation
0x00007ff832ff6000 	/System/Library/PrivateFrameworks/CoreTime.framework/Versions/A/CoreTime
0x00007ff82a654000 	/System/Library/PrivateFrameworks/PlugInKit.framework/Versions/A/PlugInKit
0x00007ff8317dd000 	/System/Library/Frameworks/CoreBluetooth.framework/Versions/A/CoreBluetooth
0x00007ff83521d000 	/System/Library/Frameworks/AudioUnit.framework/Versions/A/AudioUnit
0x00007ff827ae6000 	/System/Library/PrivateFrameworks/CoreUtils.framework/Versions/A/CoreUtils
0x00007ffb3438c000 	/System/Library/PrivateFrameworks/CoreUtilsExtras.framework/Versions/A/CoreUtilsExtras
0x00007ff830c6f000 	/System/Library/Frameworks/MediaAccessibility.framework/Versions/A/MediaAccessibility
0x00007ff92b23e000 	/System/Library/PrivateFrameworks/AttributeGraph.framework/Versions/A/AttributeGraph
0x00007ffd28061000 	/usr/lib/libAXSafeCategoryBundle.dylib
0x00007ff91c988000 	/usr/lib/libAccessibility.dylib
0x00007ff82785c000 	/System/Library/Frameworks/Accelerate.framework/Versions/A/Frameworks/vecLib.framework/Versions/A/libvDSP.dylib
0x00007ff828d65000 	/System/Library/Frameworks/Accelerate.framework/Versions/A/Frameworks/vecLib.framework/Versions/A/libLAPACK.dylib
0x00007ff827ddc000 	/System/Library/Frameworks/Accelerate.framework/Versions/A/Frameworks/vecLib.framework/Versions/A/libLinearAlgebra.dylib
0x00007ff828c4d000 	/System/Library/Frameworks/Accelerate.framework/Versions/A/Frameworks/vecLib.framework/Versions/A/libSparseBLAS.dylib
0x00007ff828d5f000 	/System/Library/Frameworks/Accelerate.framework/Versions/A/Frameworks/vecLib.framework/Versions/A/libQuadrature.dylib
0x00007ff826d3a000 	/System/Library/Frameworks/Accelerate.framework/Versions/A/Frameworks/vecLib.framework/Versions/A/libBNNS.dylib
0x00007ff81b25b000 	/System/Library/Frameworks/Accelerate.framework/Versions/A/Frameworks/vecLib.framework/Versions/A/libSparse.dylib
0x00007ffc24fae000 	/System/Library/PrivateFrameworks/MIL.framework/Versions/A/MIL
0x00007ff82b50f000 	/System/Library/PrivateFrameworks/GPUWrangler.framework/Versions/A/GPUWrangler
0x00007ff82b4f3000 	/System/Library/PrivateFrameworks/IOPresentment.framework/Versions/A/IOPresentment
0x00007ff82b519000 	/System/Library/PrivateFrameworks/DSExternalDisplay.framework/Versions/A/DSExternalDisplay
0x00007ffa272cb000 	/System/Library/PrivateFrameworks/HIDDisplay.framework/Versions/A/HIDDisplay
0x00007ff91bbf6000 	/System/Library/PrivateFrameworks/HID.framework/Versions/A/HID
0x00007ffd1f272000 	/System/Library/PrivateFrameworks/VideoToolboxParavirtualizationSupport.framework/Versions/A/VideoToolboxParavirtualizationSupport
0x00007ff82a716000 	/System/Library/PrivateFrameworks/AppleVA.framework/Versions/A/AppleVA
0x00007ff832b42000 	/System/Library/PrivateFrameworks/GraphicsServices.framework/Versions/A/GraphicsServices
0x00007ff8215d9000 	/System/Library/Frameworks/CoreData.framework/Versions/A/CoreData
0x00007ff82d25f000 	/System/Library/PrivateFrameworks/CorePhoneNumbers.framework/Versions/A/CorePhoneNumbers
0x00007ff8319ba000 	/System/Library/PrivateFrameworks/MediaKit.framework/Versions/A/MediaKit
0x00007ff831914000 	/System/Library/Frameworks/DiscRecording.framework/Versions/A/DiscRecording
0x00007ffb227d8000 	/System/Library/Frameworks/CoreTransferable.framework/Versions/A/CoreTransferable
0x00007ff82d057000 	/System/Library/PrivateFrameworks/NetAuth.framework/Versions/A/NetAuth
0x00007ff82a7d5000 	/System/Library/PrivateFrameworks/IconServices.framework/Versions/A/IconServices
0x00007ff8240ac000 	/System/Library/PrivateFrameworks/login.framework/Versions/A/Frameworks/loginsupport.framework/Versions/A/loginsupport
0x00007ff922ee6000 	/usr/lib/swift/libswiftCoreImage.dylib
0x00007ff82a789000 	/System/Library/PrivateFrameworks/IconFoundation.framework/Versions/A/IconFoundation
0x00007ff823c34000 	/System/Library/PrivateFrameworks/CoreUI.framework/Versions/A/CoreUI
0x00007ff82b608000 	/System/Library/PrivateFrameworks/TextureIO.framework/Versions/A/TextureIO
0x00007ff82636f000 	/System/Library/PrivateFrameworks/CoreSVG.framework/Versions/A/CoreSVG
0x00007ffa19a0c000 	/usr/lib/swift/libswiftAccelerate.dylib
0x00007ff82a4f8000 	/usr/lib/libIOReport.dylib
0x00007ffb2d3bb000 	/System/Library/PrivateFrameworks/AppleMobileFileIntegrity.framework/Versions/A/AppleMobileFileIntegrity
0x00007ffd283b0000 	/usr/lib/libTLE.dylib
0x00007ffa36870000 	/System/Library/PrivateFrameworks/ConfigProfileHelper.framework/Versions/A/ConfigProfileHelper
0x00007ff827d7e000 	/usr/lib/libmecab.dylib
0x00007ff81b429000 	/usr/lib/libCRFSuite.dylib
0x00007ff826c26000 	/System/Library/PrivateFrameworks/CoreNLP.framework/Versions/A/CoreNLP
0x00007ff828c08000 	/usr/lib/libThaiTokenizer.dylib
0x00007ff82b9ce000 	/System/Library/PrivateFrameworks/DataDetectorsCore.framework/Versions/A/DataDetectorsCore
0x00007ff9269b2000 	/System/Library/PrivateFrameworks/TextInput.framework/Versions/A/TextInput
0x00007ff81f5a2000 	/System/Library/PrivateFrameworks/UIFoundation.framework/Versions/A/UIFoundation
0x00007ff827d4c000 	/usr/lib/libCheckFix.dylib
0x00007ff823083000 	/System/Library/PrivateFrameworks/MetadataUtilities.framework/Versions/A/MetadataUtilities
0x00007ffc21100000 	/System/Library/PrivateFrameworks/InstalledContentLibrary.framework/Versions/A/InstalledContentLibrary
0x00007ff81dedf000 	/System/Library/PrivateFrameworks/CoreServicesStore.framework/Versions/A/CoreServicesStore
0x00007ff823f28000 	/usr/lib/libapp_launch_measurement.dylib
0x00007ff935664000 	/System/Library/PrivateFrameworks/MobileSystemServices.framework/Versions/A/MobileSystemServices
0x00007ff82a2bd000 	/usr/lib/libxslt.1.dylib
0x00007ff827d12000 	/System/Library/PrivateFrameworks/BackgroundTaskManagement.framework/Versions/A/BackgroundTaskManagement
0x00007ff834a6c000 	/usr/lib/libcurl.4.dylib
0x00007ffd28746000 	/usr/lib/libcrypto.46.dylib
0x00007ffd2927f000 	/usr/lib/libssl.48.dylib
0x00007ff834751000 	/System/Library/Frameworks/LDAP.framework/Versions/A/LDAP
0x00007ff83478b000 	/System/Library/PrivateFrameworks/TrustEvaluationAgent.framework/Versions/A/TrustEvaluationAgent
0x00007ff82cd19000 	/usr/lib/libsasl2.2.dylib
0x00007ff8378af000 	/System/Library/Frameworks/Cocoa.framework/Versions/A/Cocoa
0x00007ff81e051000 	/System/Library/Frameworks/AppKit.framework/Versions/C/AppKit
0x00007ffb30806000 	/System/Library/PrivateFrameworks/CollectionViewCore.framework/Versions/A/CollectionViewCore
0x00007ff82636a000 	/System/Library/PrivateFrameworks/XCTTargetBootstrap.framework/Versions/A/XCTTargetBootstrap
0x00007ff82ba15000 	/System/Library/PrivateFrameworks/UserActivity.framework/Versions/A/UserActivity
0x00007ffd1d81b000 	/System/Library/PrivateFrameworks/UIIntelligenceSupport.framework/Versions/A/UIIntelligenceSupport
0x00007ffb2766e000 	/System/Library/Frameworks/SwiftUICore.framework/Versions/A/SwiftUICore
0x00007ffd22415000 	/System/Library/PrivateFrameworks/WritingTools.framework/Versions/A/WritingTools
0x00007ffd21567000 	/System/Library/PrivateFrameworks/WindowManagement.framework/Versions/A/WindowManagement
0x00007ff826357000 	/System/Library/PrivateFrameworks/DFRFoundation.framework/Versions/A/DFRFoundation
0x00007ff826075000 	/System/Library/Frameworks/Carbon.framework/Versions/A/Frameworks/HIToolbox.framework/Versions/A/HIToolbox
0x00007ff83056b000 	/System/Library/Frameworks/Carbon.framework/Versions/A/Frameworks/SpeechRecognition.framework/Versions/A/SpeechRecognition
0x00007ff91af60000 	/System/Library/PrivateFrameworks/RenderBox.framework/Versions/A/RenderBox
0x00007ff823ebf000 	/System/Library/PrivateFrameworks/PerformanceAnalysis.framework/Versions/A/PerformanceAnalysis
0x00007ff8308f1000 	/System/Library/Frameworks/Accessibility.framework/Versions/A/Accessibility
0x00007ffb22c7e000 	/System/Library/Frameworks/DataDetection.framework/Versions/A/DataDetection
0x00007ffb22c81000 	/System/Library/Frameworks/DeveloperToolsSupport.framework/Versions/A/DeveloperToolsSupport
0x00007ffb281d4000 	/System/Library/Frameworks/Symbols.framework/Versions/A/Symbols
0x00007ffd2949f000 	/usr/lib/swift/libswiftDataDetection.dylib
0x00007ff92040a000 	/usr/lib/swift/libswiftCoreGraphics.dylib
0x00007ff83128d000 	/usr/lib/swift/libswiftFoundation.dylib
0x00007ffa362fe000 	/usr/lib/swift/libswiftSwiftOnoneSupport.dylib
0x00007ffa23191000 	/System/Library/PrivateFrameworks/CoreMaterial.framework/Versions/A/CoreMaterial
0x00007ffc30be9000 	/System/Library/PrivateFrameworks/SFSymbols.framework/Versions/A/SFSymbols
0x00007ff83055b000 	/System/Library/PrivateFrameworks/SpeechRecognitionCore.framework/Versions/A/SpeechRecognitionCore
0x00000001064d1000 	/Users/samuelewu/Library/Java/JavaVirtualMachines/openjdk-25.0.2/Contents/Home/lib/server/libjvm.dylib
0x00000001051ce000 	/Users/samuelewu/Library/Java/JavaVirtualMachines/openjdk-25.0.2/Contents/Home/lib/libjimage.dylib
0x0000000105243000 	/Users/samuelewu/Library/Java/JavaVirtualMachines/openjdk-25.0.2/Contents/Home/lib/libjava.dylib
0x0000000105cf2000 	/Users/samuelewu/Library/Java/JavaVirtualMachines/openjdk-25.0.2/Contents/Home/lib/libnio.dylib
0x0000000105d09000 	/Users/samuelewu/Library/Java/JavaVirtualMachines/openjdk-25.0.2/Contents/Home/lib/libnet.dylib
0x0000000105d1b000 	/Users/samuelewu/Library/Java/JavaVirtualMachines/openjdk-25.0.2/Contents/Home/lib/libzip.dylib
0x0000000105ce4000 	/Users/samuelewu/Library/Java/JavaVirtualMachines/openjdk-25.0.2/Contents/Home/lib/libextnet.dylib
0x0000000105d2a000 	/Users/samuelewu/Library/Java/JavaVirtualMachines/openjdk-25.0.2/Contents/Home/lib/librmi.dylib
0x0000000105d4d000 	/Users/samuelewu/.openjfx/cache/21.0.4+1/x86_64/libprism_es2.dylib
0x00007ff921ac6000 	/System/Library/Frameworks/Carbon.framework/Versions/A/Carbon
0x00007ff839a9a000 	/System/Library/Frameworks/Carbon.framework/Versions/A/Frameworks/CommonPanels.framework/Versions/A/CommonPanels
0x00007ff834a59000 	/System/Library/Frameworks/Carbon.framework/Versions/A/Frameworks/Help.framework/Versions/A/Help
0x00007ff839a9e000 	/System/Library/Frameworks/Carbon.framework/Versions/A/Frameworks/ImageCapture.framework/Versions/A/ImageCapture
0x00007ff839a7c000 	/System/Library/Frameworks/Carbon.framework/Versions/A/Frameworks/OpenScripting.framework/Versions/A/OpenScripting
0x00007ff839a99000 	/System/Library/Frameworks/Carbon.framework/Versions/A/Frameworks/Ink.framework/Versions/A/Ink
0x00007ff839a96000 	/System/Library/Frameworks/Carbon.framework/Versions/A/Frameworks/SecurityHI.framework/Versions/A/SecurityHI
0x00007ffb1e9eb000 	/System/Library/Frameworks/OpenGL.framework/Versions/A/Resources/GLEngine.bundle/GLEngine
0x00007ffb1e861000 	/System/Library/Frameworks/OpenGL.framework/Versions/A/Libraries/libGLProgrammability.dylib
0x00007ffb1a52b000 	/System/Library/Extensions/AppleIntelKBLGraphicsGLDriver.bundle/Contents/MacOS/AppleIntelKBLGraphicsGLDriver
0x00007ff9309c3000 	/System/Library/PrivateFrameworks/GPUSupport.framework/Versions/A/Libraries/libGPUSupportMercury.dylib
0x00007ffb1eb5b000 	/System/Library/Frameworks/OpenGL.framework/Versions/A/Resources/GLRendererFloat.bundle/GLRendererFloat
0x0000000106267000 	/Users/samuelewu/.openjfx/cache/21.0.4+1/x86_64/libglass.dylib
0x00007ff823da1000 	/System/Library/PrivateFrameworks/ViewBridge.framework/Versions/A/ViewBridge
0x00007ff9291a1000 	/System/Library/Frameworks/Accelerate.framework/Versions/A/Frameworks/vImage.framework/Versions/A/Libraries/libCGInterfaces.dylib
0x0000000122fcf000 	/usr/lib/libobjc-trampolines.dylib
0x00007ffd28065000 	/usr/lib/libAccessibilityBaseImplementations.dylib
0x000000016da30000 	/Users/samuelewu/.openjfx/cache/21.0.4+1/x86_64/libjavafx_font.dylib
0x00007ff9360c9000 	/System/Library/PrivateFrameworks/UIKitServices.framework/Versions/A/UIKitServices
0x00007ffb186e9000 	/System/Library/Extensions/AppleIntelKBLGraphicsMTLDriver.bundle/Contents/MacOS/AppleIntelKBLGraphicsMTLDriver
0x00007ff82aa48000 	/System/Library/PrivateFrameworks/login.framework/Versions/A/login
0x00007ff832b52000 	/System/Library/Frameworks/CryptoTokenKit.framework/Versions/A/CryptoTokenKit
0x00007ff832bb3000 	/System/Library/Frameworks/LocalAuthentication.framework/Versions/A/LocalAuthentication
0x00007ffc24d2e000 	/System/Library/PrivateFrameworks/LocalAuthenticationCore.framework/Versions/A/LocalAuthenticationCore
0x00007ff832c02000 	/System/Library/Frameworks/LocalAuthentication.framework/Support/SharedUtils.framework/Versions/A/SharedUtils
0x00007ffd22419000 	/System/Library/PrivateFrameworks/WritingToolsUI.framework/Versions/A/WritingToolsUI
0x00007ffc1dafd000 	/System/Library/PrivateFrameworks/GenerativeAssistantSettings.framework/Versions/A/GenerativeAssistantSettings
0x00007ffd19da4000 	/System/Library/PrivateFrameworks/TextComposer.framework/Versions/A/TextComposer
0x00007ff922e9f000 	/usr/lib/swift/libswiftIntents.dylib
0x00007ffd294f4000 	/usr/lib/swift/libswiftSpatial.dylib
0x00007ffb219cb000 	/System/Library/Frameworks/AppIntents.framework/Versions/A/AppIntents
0x00007ff929fe9000 	/System/Library/Frameworks/SwiftUI.framework/Versions/A/SwiftUI
0x00007ff9204df000 	/System/Library/Frameworks/WebKit.framework/Versions/A/WebKit
0x00007ffb28da9000 	/System/Library/Frameworks/_AuthenticationServices_SwiftUI.framework/Versions/A/_AuthenticationServices_SwiftUI
0x00007ffb2b3ab000 	/System/Library/PrivateFrameworks/Anvil.framework/Versions/A/Anvil
0x00007ff929661000 	/System/Library/PrivateFrameworks/AppStoreDaemon.framework/Versions/A/AppStoreDaemon
0x00007ff8378f7000 	/System/Library/PrivateFrameworks/AppleMediaServices.framework/Versions/A/AppleMediaServices
0x00007ff926046000 	/System/Library/PrivateFrameworks/AppleMediaServicesUI.framework/Versions/A/AppleMediaServicesUI
0x00007ffc1dadc000 	/System/Library/PrivateFrameworks/GenerativeAssistantCommon.framework/Versions/A/GenerativeAssistantCommon
0x00007ffa359ea000 	/System/Library/PrivateFrameworks/JetEngine.framework/Versions/A/JetEngine
0x00007ffc24997000 	/System/Library/PrivateFrameworks/LinkMetadata.framework/Versions/A/LinkMetadata
0x00007ff923809000 	/System/Library/PrivateFrameworks/OnBoardingKit.framework/Versions/A/OnBoardingKit
0x00007ffc3197a000 	/System/Library/PrivateFrameworks/Settings.framework/Versions/A/Settings
0x00007ff828843000 	/System/Library/Frameworks/CoreSpotlight.framework/Versions/A/CoreSpotlight
0x00007ffc24b9c000 	/System/Library/PrivateFrameworks/LinkServices.framework/Versions/A/LinkServices
0x00007ffb34eba000 	/System/Library/PrivateFrameworks/DoNotDisturb.framework/Versions/A/DoNotDisturb
0x00007ff927f61000 	/System/Library/PrivateFrameworks/IntentsCore.framework/Versions/A/IntentsCore
0x00007ffb2da74000 	/System/Library/PrivateFrameworks/AvailabilityKit.framework/Versions/A/AvailabilityKit
0x00007ffb2b5ad000 	/System/Library/PrivateFrameworks/AppIntentSchemas.framework/Versions/A/AppIntentSchemas
0x00007ffd18ab7000 	/System/Library/PrivateFrameworks/StatusKit.framework/Versions/A/StatusKit
0x00007ffc2fed3000 	/System/Library/PrivateFrameworks/RecapPerformanceTesting.framework/Versions/A/RecapPerformanceTesting
0x00007ff9237fb000 	/System/Library/PrivateFrameworks/SignpostCollection.framework/Versions/A/SignpostCollection
0x00007ffd283af000 	/usr/lib/libSpatial.dylib
0x00007ff8372c2000 	/System/Library/Frameworks/WebKit.framework/Versions/A/Frameworks/WebKitLegacy.framework/Versions/A/WebKitLegacy
0x00007ff835080000 	/System/Library/PrivateFrameworks/CorePrediction.framework/Versions/A/CorePrediction
0x00007ff824b7a000 	/System/Library/Frameworks/WebKit.framework/Versions/A/Frameworks/WebCore.framework/Versions/A/Frameworks/libwebrtc.dylib
0x00007ff92046d000 	/System/Library/PrivateFrameworks/SafariSafeBrowsing.framework/Versions/A/SafariSafeBrowsing
0x00007ff82cda4000 	/System/Library/Frameworks/SecurityInterface.framework/Versions/A/SecurityInterface
0x00007ff923808000 	/System/Library/PrivateFrameworks/WebInspectorUI.framework/Versions/A/WebInspectorUI
0x00007ff9186e9000 	/System/Library/Frameworks/JavaScriptCore.framework/Versions/A/JavaScriptCore
0x00007ff91c9b1000 	/System/Library/Frameworks/WebKit.framework/Versions/A/Frameworks/WebCore.framework/Versions/A/WebCore
0x00007ffb22366000 	/System/Library/Frameworks/BrowserEngineCore.framework/Versions/A/BrowserEngineCore
0x00007ffb28968000 	/System/Library/Frameworks/WebKit.framework/Versions/A/Frameworks/WebCore.framework/Versions/A/Frameworks/libANGLE-shared.dylib
0x00007ffd2113d000 	/System/Library/PrivateFrameworks/WebGPU.framework/Versions/A/WebGPU
0x00007ff92567c000 	/System/Library/Frameworks/SceneKit.framework/Versions/A/SceneKit
0x00007ff935ed6000 	/System/Library/Frameworks/ModelIO.framework/Versions/A/ModelIO
0x00007ff82e729000 	/System/Library/Frameworks/MetalKit.framework/Versions/A/MetalKit
0x00007ff83087d000 	/System/Library/Frameworks/GLKit.framework/Versions/A/GLKit
0x00007ffd29a32000 	/usr/lib/usd/libusd_ms.dylib
0x00007ffd1daa2000 	/System/Library/PrivateFrameworks/USDLib_FormatLoaderProxy.framework/Versions/A/USDLib_FormatLoaderProxy
0x00007ff922968000 	/System/Library/PrivateFrameworks/CoreOptimization.framework/Versions/A/CoreOptimization
0x00007ffb2d95a000 	/System/Library/PrivateFrameworks/AuthenticationServicesCore.framework/Versions/A/AuthenticationServicesCore
0x00007ff92c676000 	/System/Library/Frameworks/AuthenticationServices.framework/Versions/A/AuthenticationServices
0x00007ff82a630000 	/System/Library/PrivateFrameworks/SharedWebCredentials.framework/Versions/A/SharedWebCredentials
0x00007ff9246f6000 	/System/Library/PrivateFrameworks/SafariCore.framework/Versions/A/SafariCore
0x00007ff92c189000 	/System/Library/PrivateFrameworks/SafariFoundation.framework/Versions/A/SafariFoundation
0x00007ffb2ea00000 	/System/Library/PrivateFrameworks/CBORLibrary.framework/Versions/A/CBORLibrary
0x00007ffb2f655000 	/System/Library/PrivateFrameworks/Chirp.framework/Versions/A/Chirp
0x00007ffa36baf000 	/System/Library/PrivateFrameworks/RemoteManagement.framework/Versions/A/RemoteManagement
0x00007ffc301bb000 	/System/Library/PrivateFrameworks/RemoteManagementModel.framework/Versions/A/RemoteManagementModel
0x00007ffc30247000 	/System/Library/PrivateFrameworks/RemoteManagementStore.framework/Versions/A/RemoteManagementStore
0x00007ff82e746000 	/usr/lib/libxcselect.dylib
0x00007ff92c0f4000 	/System/Library/PrivateFrameworks/DifferentialPrivacy.framework/Versions/A/DifferentialPrivacy
0x00007ff83151b000 	/System/Library/Frameworks/Contacts.framework/Versions/A/Contacts
0x00007ffd1e27f000 	/System/Library/PrivateFrameworks/VDAF.framework/Versions/A/VDAF
0x00007ff83134c000 	/System/Library/PrivateFrameworks/ContactsPersistence.framework/Versions/A/ContactsPersistence
0x00007ff830572000 	/System/Library/PrivateFrameworks/AppleLDAP.framework/Versions/A/AppleLDAP
0x00007ff834ded000 	/System/Library/Frameworks/ClassKit.framework/Versions/A/ClassKit
0x00007ff836fe6000 	/System/Library/PrivateFrameworks/CoreSuggestions.framework/Versions/A/CoreSuggestions
0x00007ff83128e000 	/System/Library/PrivateFrameworks/ContactsFoundation.framework/Versions/A/ContactsFoundation
0x00007ff832b08000 	/System/Library/PrivateFrameworks/vCard.framework/Versions/A/vCard
0x00007ffb30aee000 	/System/Library/PrivateFrameworks/ContactsMetrics.framework/Versions/A/ContactsMetrics
0x00007ffc26b94000 	/System/Library/PrivateFrameworks/ManagedOrganizationContacts.framework/Versions/A/ManagedOrganizationContacts
0x00007ff8244c1000 	/System/Library/PrivateFrameworks/CloudDocs.framework/Versions/A/CloudDocs
0x00007ff83651a000 	/System/Library/PrivateFrameworks/ConfigurationProfiles.framework/Versions/A/ConfigurationProfiles
0x00007ffb3457a000 	/System/Library/PrivateFrameworks/DMCUtilities.framework/Versions/A/DMCUtilities
0x00007ffc24f2c000 	/System/Library/PrivateFrameworks/MDMClientLibrary.framework/Versions/A/MDMClientLibrary
0x00007ffc3023c000 	/System/Library/PrivateFrameworks/RemoteManagementProtocol.framework/Versions/A/RemoteManagementProtocol
0x00007ffd28239000 	/usr/lib/libEndpointSecuritySystem.dylib
0x00007ff830ca7000 	/System/Library/PrivateFrameworks/SystemAdministration.framework/Versions/A/SystemAdministration
0x00007ff91a4e5000 	/System/Library/PrivateFrameworks/PowerlogControl.framework/Versions/A/PowerlogControl
0x00007ff827d3f000 	/System/Library/Frameworks/ServiceManagement.framework/Versions/A/ServiceManagement
0x00007ff91a4e7000 	/usr/lib/libUniversalAccess.dylib
0x00007ff838101000 	/System/Library/PrivateFrameworks/FamilyControls.framework/Versions/A/FamilyControls
0x00007ff830528000 	/System/Library/Frameworks/DirectoryService.framework/Versions/A/DirectoryService
0x00007ff834af0000 	/System/Library/PrivateFrameworks/LoginUIKit.framework/Versions/A/Frameworks/LoginUICore.framework/Versions/A/LoginUICore
0x00007ff82ac2d000 	/usr/lib/libodfde.dylib
0x00007ff8380fc000 	/System/Library/PrivateFrameworks/UniversalAccess.framework/Versions/A/Libraries/libUAPreferences.dylib
0x00007ff838124000 	/System/Library/PrivateFrameworks/CommerceKit.framework/Versions/A/Frameworks/CommerceCore.framework/Versions/A/CommerceCore
0x00007ffb3452d000 	/System/Library/PrivateFrameworks/DEPClientLibrary.framework/Versions/A/DEPClientLibrary
0x00007ffb3454b000 	/System/Library/PrivateFrameworks/DMCEnrollmentLibrary.framework/Versions/A/DMCEnrollmentLibrary
0x00007ff91a5c3000 	/System/Library/PrivateFrameworks/SetupAssistantFramework.framework/Versions/A/SetupAssistantFramework
0x00007ff8350d8000 	/System/Library/PrivateFrameworks/AuthKitUI.framework/Versions/A/AuthKitUI
0x00007ff834b35000 	/System/Library/PrivateFrameworks/AppSSO.framework/Versions/A/AppSSO
0x00007ff9293db000 	/System/Library/PrivateFrameworks/LocalAuthenticationUI.framework/Versions/A/LocalAuthenticationUI
0x00007ffc2e6cc000 	/System/Library/PrivateFrameworks/PlatformSSO.framework/Versions/A/PlatformSSO
0x00007ff929dc4000 	/System/Library/PrivateFrameworks/AOSUI.framework/Versions/A/AOSUI
0x00007ff91c0b1000 	/System/Library/Frameworks/ContactsUI.framework/Versions/A/ContactsUI
0x00007ff83173e000 	/System/Library/PrivateFrameworks/FamilyCircle.framework/Versions/A/FamilyCircle
0x00007ff9375cd000 	/System/Library/Frameworks/LinkPresentation.framework/Versions/A/LinkPresentation
0x00007ffc2e7a9000 	/System/Library/PrivateFrameworks/PlatformSSOCore.framework/Versions/A/PlatformSSOCore
0x00007ff91bdd8000 	/System/Library/PrivateFrameworks/IASUtilities.framework/Versions/A/IASUtilities
0x00007ffc20860000 	/System/Library/PrivateFrameworks/IASUtilitiesCore.framework/Versions/A/IASUtilitiesCore
0x00007ffc24e34000 	/System/Library/PrivateFrameworks/LocalAuthenticationCoreUI.framework/Versions/A/LocalAuthenticationCoreUI
0x00007ff922beb000 	/System/Library/Frameworks/LocalAuthentication.framework/Support/DaemonUtils.framework/Versions/A/DaemonUtils
0x00007ff926012000 	/System/Library/PrivateFrameworks/BridgeXPC.framework/Versions/A/BridgeXPC
0x00007ff82aa68000 	/System/Library/PrivateFrameworks/CoreBrightness.framework/Versions/A/CoreBrightness
0x00007ff9238d5000 	/System/Library/PrivateFrameworks/CoreKDL.framework/Versions/A/CoreKDL
0x00007ff922075000 	/System/Library/PrivateFrameworks/EmbeddedOSSupportHost.framework/Versions/A/EmbeddedOSSupportHost
0x00007ffd196ce000 	/System/Library/PrivateFrameworks/SystemStatus.framework/Versions/A/SystemStatus
0x00007ff9314cf000 	/System/Library/PrivateFrameworks/StorageKit.framework/Versions/A/StorageKit
0x00007ffa38314000 	/System/Library/Frameworks/DeviceCheck.framework/Versions/A/DeviceCheck
0x00007ffb22e97000 	/System/Library/Frameworks/FSKit.framework/Versions/A/FSKit
0x00007ffb34c30000 	/System/Library/PrivateFrameworks/DiskImages2.framework/Versions/A/DiskImages2
0x00007ffc24cde000 	/System/Library/PrivateFrameworks/LiveFS.framework/Versions/A/LiveFS
0x00007ffd25a8e000 	/System/Library/PrivateFrameworks/icloudMCCKit.framework/Versions/A/icloudMCCKit
0x00007ffb2c237000 	/System/Library/PrivateFrameworks/AppleAccountUI.framework/Versions/A/AppleAccountUI
0x00007ffb2ffc3000 	/System/Library/PrivateFrameworks/CloudSubscriptionFeatures.framework/Versions/A/CloudSubscriptionFeatures
0x00007ffa2315f000 	/System/Library/PrivateFrameworks/PreferencePanesSupport.framework/Versions/A/PreferencePanesSupport
0x00007ff929f67000 	/System/Library/PrivateFrameworks/FindMyDeviceUI.framework/Versions/A/FindMyDeviceUI
0x00007ffd236fd000 	/System/Library/PrivateFrameworks/iCloudQuotaUI.framework/Versions/A/iCloudQuotaUI
0x00007ffa2331e000 	/System/Library/PrivateFrameworks/CoreCDPUI.framework/Versions/A/CoreCDPUI
0x00007ff924473000 	/System/Library/PrivateFrameworks/CoreFollowUpUI.framework/Versions/A/CoreFollowUpUI
0x00007ff82cdda000 	/System/Library/PrivateFrameworks/CoreFollowUp.framework/Versions/A/CoreFollowUp
0x00007ff9302ee000 	/System/Library/PrivateFrameworks/IMCore.framework/Versions/A/IMCore
0x00007ff91a54a000 	/System/Library/PrivateFrameworks/CoreCDP.framework/Versions/A/CoreCDP
0x00007ff8378e9000 	/System/Library/PrivateFrameworks/AskPermission.framework/Versions/A/AskPermission
0x00007ff927edc000 	/System/Library/Frameworks/Quartz.framework/Versions/A/Quartz
0x00007ff933fa1000 	/System/Library/PrivateFrameworks/CloudPhotoServicesConfiguration.framework/Versions/A/CloudPhotoServicesConfiguration
0x00007ff92675c000 	/System/Library/PrivateFrameworks/CommerceKit.framework/Versions/A/CommerceKit
0x00007ff9357e6000 	/System/Library/PrivateFrameworks/FindMyMac.framework/Versions/A/FindMyMac
0x00007ff9356cd000 	/System/Library/Frameworks/PreferencePanes.framework/Versions/A/PreferencePanes
0x00007ff9294d2000 	/System/Library/Frameworks/AddressBook.framework/Versions/A/AddressBook
0x00007ff8367ea000 	/System/Library/PrivateFrameworks/AOSAccounts.framework/Versions/A/AOSAccounts
0x00007ff830ca2000 	/System/Library/PrivateFrameworks/AppleSRP.framework/Versions/A/AppleSRP
0x00007ff922b16000 	/System/Library/Frameworks/SafariServices.framework/Versions/A/SafariServices
0x00007ff835224000 	/System/Library/PrivateFrameworks/NetFSServer.framework/Versions/A/NetFSServer
0x00007ff925546000 	/System/Library/Frameworks/PDFKit.framework/Versions/A/PDFKit
0x00007ff93678c000 	/System/Library/PrivateFrameworks/EmailFoundation.framework/Versions/A/EmailFoundation
0x00007ff935727000 	/System/Library/PrivateFrameworks/EmailCore.framework/Versions/A/EmailCore
0x00007ffa19752000 	/System/Library/PrivateFrameworks/EmailAddressing.framework/Versions/A/EmailAddressing
0x00007ffa1975e000 	/System/Library/PrivateFrameworks/Email.framework/Versions/A/Email
0x00007ffb281eb000 	/System/Library/Frameworks/TabularData.framework/Versions/A/TabularData
0x00007ffd294d8000 	/usr/lib/swift/libswiftPassKit.dylib
0x00007ffb2dbbb000 	/System/Library/PrivateFrameworks/BackgroundSystemTasks.framework/Versions/A/BackgroundSystemTasks
0x00007ffc24eaf000 	/System/Library/PrivateFrameworks/LockdownMode.framework/Versions/A/LockdownMode
0x00007ff831738000 	/System/Library/PrivateFrameworks/CommunicationsFilter.framework/Versions/A/CommunicationsFilter
0x00007ffa271f1000 	/System/Library/Frameworks/PassKit.framework/Versions/A/PassKit
0x00007ff838bd9000 	/System/Library/PrivateFrameworks/PassKitCore.framework/Versions/A/PassKitCore
0x00007ffc2c0ae000 	/System/Library/PrivateFrameworks/PassKitMacHelperTemp.framework/Versions/A/PassKitMacHelperTemp
0x00007ffb2b5e1000 	/System/Library/PrivateFrameworks/AppIntentsServices.framework/Versions/A/AppIntentsServices
0x00007ff836433000 	/System/Library/PrivateFrameworks/CoreRecents.framework/Versions/A/CoreRecents
0x00007ff922c1f000 	/System/Library/PrivateFrameworks/BiometricKit.framework/Versions/A/BiometricKit
0x00007ffc30b38000 	/System/Library/PrivateFrameworks/SEService.framework/Versions/A/SEService
0x00007ff8370ac000 	/System/Library/Frameworks/EventKit.framework/Versions/A/EventKit
0x00007ff927f7e000 	/System/Library/PrivateFrameworks/NearField.framework/Versions/A/NearField
0x00007ff929bfc000 	/System/Library/PrivateFrameworks/FTClientServices.framework/Versions/A/FTClientServices
0x00007ffa22c2c000 	/System/Library/PrivateFrameworks/DiagnosticRequest.framework/Versions/A/DiagnosticRequest
0x00007ffd28371000 	/usr/lib/libSESShared.dylib
0x00007ffc30cc9000 	/System/Library/PrivateFrameworks/STSXPCHelperClient.framework/Versions/A/STSXPCHelperClient
0x00007ffd194d8000 	/System/Library/PrivateFrameworks/Symptoms.framework/Versions/A/Frameworks/SymptomPresentationFeed.framework/Versions/A/SymptomPresentationFeed
0x00007ffb2cbea000 	/System/Library/PrivateFrameworks/AppleMediaServicesKitInternal.framework/Versions/A/AppleMediaServicesKitInternal
0x00007ffd19252000 	/System/Library/PrivateFrameworks/SymptomShared.framework/Versions/A/SymptomShared
0x00007ffb2f205000 	/System/Library/PrivateFrameworks/CalendarDatabase.framework/Versions/A/CalendarDatabase
0x00007ffb2f159000 	/System/Library/PrivateFrameworks/CalendarDaemon.framework/Versions/A/CalendarDaemon
0x00007ff836487000 	/System/Library/PrivateFrameworks/CalendarFoundation.framework/Versions/A/CalendarFoundation
0x00007ff836442000 	/System/Library/PrivateFrameworks/iCalendar.framework/Versions/A/iCalendar
0x00007ffb34798000 	/System/Library/PrivateFrameworks/DataAccessExpress.framework/Versions/A/DataAccessExpress
0x00007ff91bc63000 	/System/Library/PrivateFrameworks/CoreDAV.framework/Versions/A/CoreDAV
0x00007ff836f85000 	/System/Library/PrivateFrameworks/CalDAV.framework/Versions/A/CalDAV
0x00007ff9201d5000 	/System/Library/PrivateFrameworks/TelephonyUtilities.framework/Versions/A/TelephonyUtilities
0x00007ff924531000 	/System/Library/Frameworks/CallKit.framework/Versions/A/CallKit
0x00007ffa2c47d000 	/System/Library/PrivateFrameworks/IMTransferServices.framework/Versions/A/IMTransferServices
0x00007ff922982000 	/System/Library/PrivateFrameworks/IncomingCallFilter.framework/Versions/A/IncomingCallFilter
0x00007ffc29c08000 	/System/Library/PrivateFrameworks/NeighborhoodActivityConduit.framework/Versions/A/NeighborhoodActivityConduit
0x00007ffd2820f000 	/usr/lib/libBASupport.dylib
0x00007ff930089000 	/System/Library/PrivateFrameworks/SpotlightReceiver.framework/Versions/A/SpotlightReceiver
0x00007ff929876000 	/usr/lib/libnfshared.dylib
0x00007ffa29ae1000 	/System/Library/PrivateFrameworks/PassKitUIFoundation.framework/Versions/A/PassKitUIFoundation
0x00007ff830583000 	/System/Library/Frameworks/MapKit.framework/Versions/A/MapKit
0x00007ffb22e60000 	/System/Library/Frameworks/ExtensionKit.framework/Versions/A/ExtensionKit
0x00007ffc1deb2000 	/System/Library/PrivateFrameworks/GeoAnalytics.framework/Versions/A/GeoAnalytics
0x00007ff923a2a000 	/System/Library/PrivateFrameworks/SearchFoundation.framework/Versions/A/SearchFoundation
0x00007ff9298ac000 	/System/Library/PrivateFrameworks/Navigation.framework/Versions/A/Navigation
0x00007ff932856000 	/System/Library/PrivateFrameworks/VectorKit.framework/Versions/A/VectorKit
0x00007ff91be91000 	/System/Library/PrivateFrameworks/VirtualGarage.framework/Versions/A/VirtualGarage
0x00007ff929a40000 	/System/Library/Frameworks/ExternalAccessory.framework/ExternalAccessory
0x00007ff929a59000 	/System/Library/PrivateFrameworks/IAP.framework/Versions/A/IAP
0x00007ff830847000 	/System/Library/PrivateFrameworks/IOPlatformPluginFamily.framework/Versions/A/IOPlatformPluginFamily
0x00007ffb2da77000 	/System/Library/PrivateFrameworks/AvatarKit.framework/Versions/A/AvatarKit
0x00007ffb2db38000 	/System/Library/PrivateFrameworks/AvatarPersistence.framework/Versions/A/AvatarPersistence
0x00007ffc302ad000 	/System/Library/PrivateFrameworks/RemoteUI.framework/Versions/A/RemoteUI
0x00007ff83094b000 	/usr/lib/libCTGreenTeaLogger.dylib
0x00007ffb283fb000 	/System/Library/Frameworks/TipKit.framework/Versions/A/TipKit
0x00007ffa252b0000 	/System/Library/PrivateFrameworks/AppleCVA.framework/Versions/A/AppleCVA
0x00007ffb2db37000 	/System/Library/PrivateFrameworks/AvatarKitContent.framework/Versions/A/AvatarKitContent
0x00007ff830977000 	/System/Library/PrivateFrameworks/CoreAppleCVA.framework/Versions/A/CoreAppleCVA
0x00007ffc24055000 	/System/Library/PrivateFrameworks/LiftUI.framework/Versions/A/LiftUI
0x00007ffb2ff3d000 	/System/Library/PrivateFrameworks/CloudSettings.framework/Versions/A/CloudSettings
0x00007ff9225b6000 	/System/Library/PrivateFrameworks/CoreRoutine.framework/Versions/A/CoreRoutine
0x00007ff93108f000 	/System/Library/PrivateFrameworks/Categories.framework/Versions/A/Categories
0x00007ffb303ab000 	/System/Library/PrivateFrameworks/Coherence.framework/Versions/A/Coherence
0x00007ff9200d7000 	/System/Library/PrivateFrameworks/CoreParsec.framework/Versions/A/CoreParsec
0x00007ffc2c642000 	/System/Library/PrivateFrameworks/PegasusAPI.framework/Versions/A/PegasusAPI
0x00007ffc2d0f5000 	/System/Library/PrivateFrameworks/PegasusConfiguration.framework/Versions/A/PegasusConfiguration
0x00007ffc24e8d000 	/System/Library/PrivateFrameworks/LocalStatusKit.framework/Versions/A/LocalStatusKit
0x00007ff9246dd000 	/System/Library/PrivateFrameworks/ContextKit.framework/Versions/A/ContextKit
0x00007ffb30c1f000 	/System/Library/PrivateFrameworks/ContextKitCore.framework/Versions/A/ContextKitCore
0x00007ff929c00000 	/System/Library/PrivateFrameworks/CharacterPicker.framework/Versions/A/CharacterPicker
0x00007ff922a85000 	/System/Library/PrivateFrameworks/ContactsDonation.framework/Versions/A/ContactsDonation
0x00007ff91bfc5000 	/System/Library/PrivateFrameworks/ContactsUICore.framework/Versions/A/ContactsUICore
0x00007ff922392000 	/System/Library/PrivateFrameworks/DataDetectors.framework/Versions/A/DataDetectors
0x00007ff836f73000 	/System/Library/Frameworks/MediaLibrary.framework/Versions/A/MediaLibrary
0x00007ff831728000 	/System/Library/PrivateFrameworks/PersonaKit.framework/Versions/A/PersonaKit
0x00007ff91bfb4000 	/System/Library/PrivateFrameworks/PersonaUI.framework/Versions/A/PersonaUI
0x00007ffc2100b000 	/System/Library/PrivateFrameworks/InputToolKitUI.framework/Versions/A/InputToolKitUI
0x00007ffc20ff6000 	/System/Library/PrivateFrameworks/InputToolKit.framework/Versions/A/InputToolKit
0x00007ffd18bee000 	/System/Library/PrivateFrameworks/Stickers.framework/Versions/A/Stickers
0x00007ffc20f61000 	/System/Library/PrivateFrameworks/InputAnalytics.framework/Versions/A/InputAnalytics
0x00007ff92b27c000 	/System/Library/PrivateFrameworks/EmojiFoundation.framework/Versions/A/EmojiFoundation
0x00007ffb35eae000 	/System/Library/PrivateFrameworks/FeedbackService.framework/Versions/A/FeedbackService
0x00007ff8313c3000 	/System/Library/PrivateFrameworks/AddressBookCore.framework/Versions/A/AddressBookCore
0x00007ff9243f5000 	/System/Library/PrivateFrameworks/IntlPreferences.framework/Versions/A/IntlPreferences
0x00007ff929644000 	/System/Library/PrivateFrameworks/ToneKit.framework/Versions/A/ToneKit
0x00007ff92443a000 	/System/Library/PrivateFrameworks/ToneLibrary.framework/Versions/A/ToneLibrary
0x00007ffb30abf000 	/System/Library/PrivateFrameworks/ContactsAccounts.framework/Versions/A/ContactsAccounts
0x00007ff9350ec000 	/System/Library/PrivateFrameworks/Transparency.framework/Versions/A/Transparency
0x00007ff927e00000 	/System/Library/PrivateFrameworks/Lookup.framework/Versions/A/Lookup
0x00007ffb266ec000 	/System/Library/Frameworks/QuickLookUI.framework/Versions/A/QuickLookUI
0x00007ffb2706b000 	/System/Library/Frameworks/ScreenCaptureKit.framework/Versions/A/ScreenCaptureKit
0x00007ff925078000 	/System/Library/Frameworks/Quartz.framework/Versions/A/Frameworks/QuartzComposer.framework/Versions/A/QuartzComposer
0x00007ff9243cc000 	/System/Library/Frameworks/Quartz.framework/Versions/A/Frameworks/QuartzFilters.framework/Versions/A/QuartzFilters
0x00007ff9233bb000 	/System/Library/Frameworks/Quartz.framework/Versions/A/Frameworks/ImageKit.framework/Versions/A/ImageKit
0x00007ff921ac5000 	/System/Library/PrivateFrameworks/CorePDF.framework/Versions/A/CorePDF
0x00007ff82e6c6000 	/System/Library/Frameworks/QuickLook.framework/Versions/A/QuickLook
0x00007ff838ae3000 	/System/Library/PrivateFrameworks/DisplayServices.framework/Versions/A/DisplayServices
0x00007ff924334000 	/System/Library/Frameworks/ImageCaptureCore.framework/Versions/A/ImageCaptureCore
0x00007ffd1fcc2000 	/System/Library/PrivateFrameworks/VisionKitCore.framework/Versions/A/VisionKitCore
0x00007ff9200a8000 	/System/Library/PrivateFrameworks/QuickLookSupport.framework/Versions/A/QuickLookSupport
0x00007ffc2743a000 	/System/Library/PrivateFrameworks/MediaAnalysisServices.framework/Versions/A/MediaAnalysisServices
0x00007ff926d40000 	/System/Library/PrivateFrameworks/PhotoLibraryServices.framework/Versions/A/PhotoLibraryServices
0x00007ff923f57000 	/System/Library/Frameworks/Photos.framework/Versions/A/Photos
0x00007ff9379b1000 	/System/Library/PrivateFrameworks/PhotosFormats.framework/Versions/A/PhotosFormats
0x00007ff933fd1000 	/System/Library/PrivateFrameworks/CloudPhotoLibrary.framework/Versions/A/CloudPhotoLibrary
0x00007ffa1d0fd000 	/System/Library/PrivateFrameworks/CloudPhotoServices.framework/Versions/A/CloudPhotoServices
0x00007ffa198d4000 	/System/Library/PrivateFrameworks/CoreMediaStream.framework/Versions/A/CoreMediaStream
0x00007ff8320ed000 	/System/Library/PrivateFrameworks/CPAnalytics.framework/Versions/A/CPAnalytics
0x00007ff935dd9000 	/System/Library/PrivateFrameworks/MediaConversionService.framework/Versions/A/MediaConversionService
0x00007ff838780000 	/System/Library/PrivateFrameworks/PhotoFoundation.framework/Versions/A/PhotoFoundation
0x00007ffc2d614000 	/System/Library/PrivateFrameworks/PhotoLibraryServicesCore.framework/Versions/A/PhotoLibraryServicesCore
0x00007ff92faa6000 	/System/Library/PrivateFrameworks/MMCS.framework/Versions/A/MMCS
0x00007ff836dc2000 	/System/Library/PrivateFrameworks/ChunkingLibrary.framework/Versions/A/ChunkingLibrary
0x00007ff830c4f000 	/System/Library/PrivateFrameworks/AssetCacheServices.framework/Versions/A/AssetCacheServices
0x00007ff832c2c000 	/System/Library/PrivateFrameworks/AVFoundationCF.framework/Versions/A/AVFoundationCF
0x00007ffa2c37b000 	/usr/lib/swift/libswiftDemangle.dylib
0x00007ff922616000 	/System/Library/PrivateFrameworks/MediaStream.framework/Versions/A/MediaStream
0x00007ff936356000 	/System/Library/PrivateFrameworks/NeutrinoCore.framework/Versions/A/NeutrinoCore
0x00007ff8214e2000 	/System/Library/PrivateFrameworks/NLP.framework/Versions/A/NLP
0x00007ffa1be60000 	/System/Library/PrivateFrameworks/PhotoImaging.framework/Versions/A/PhotoImaging
0x00007ffa1d0bd000 	/System/Library/PrivateFrameworks/PhotosImagingFoundation.framework/Versions/A/PhotosImagingFoundation
0x00007ffc2e116000 	/System/Library/PrivateFrameworks/PhotosIntelligenceCore.framework/Versions/A/PhotosIntelligenceCore
0x00007ff8330e7000 	/System/Library/PrivateFrameworks/EmbeddedAcousticRecognition.framework/Versions/A/EmbeddedAcousticRecognition
0x00007ff934241000 	/System/Library/PrivateFrameworks/SDAPI.framework/Versions/A/SDAPI
0x00007ffa1d10a000 	/System/Library/PrivateFrameworks/AutoLoop.framework/Versions/A/AutoLoop
0x00007ffc2eaaa000 	/System/Library/PrivateFrameworks/Portrait.framework/Versions/A/Portrait
0x00007ffb2c2d2000 	/System/Library/PrivateFrameworks/AppleDepth.framework/Versions/A/AppleDepth
0x00007ffb368eb000 	/System/Library/PrivateFrameworks/FusionTracker.framework/Versions/A/FusionTracker
0x00007ffb2c400000 	/System/Library/PrivateFrameworks/AppleDepthCore.framework/Versions/A/AppleDepthCore
0x00007ff924b33000 	/System/Library/PrivateFrameworks/iTunesCloud.framework/Versions/A/iTunesCloud
0x00007ff92d224000 	/System/Library/PrivateFrameworks/DAAPKit.framework/Versions/A/DAAPKit
0x00007ffd29575000 	/usr/lib/swift/libswiftVideoToolbox.dylib
0x00007ff9203ac000 	/System/Library/PrivateFrameworks/DeviceManagement.framework/Versions/A/DeviceManagement
0x00007ffa22b8c000 	/System/Library/PrivateFrameworks/ScreenTimeUI.framework/Versions/A/ScreenTimeUI
0x00007ff92238c000 	/System/Library/PrivateFrameworks/QuickLookNonBaseSystem.framework/Versions/A/QuickLookNonBaseSystem
0x00007ff922b54000 	/System/Library/PrivateFrameworks/Catalyst.framework/Versions/A/Catalyst
0x00007ffc26b99000 	/System/Library/PrivateFrameworks/ManagedSettingsObjC.framework/Versions/A/ManagedSettingsObjC
0x00007ff9245ce000 	/System/Library/PrivateFrameworks/ScreenTimeCore.framework/Versions/A/ScreenTimeCore
0x00007ff936eeb000 	/System/Library/PrivateFrameworks/ScreenTimeServiceUI.framework/Versions/A/ScreenTimeServiceUI
0x00007ff92fc3e000 	/System/Library/PrivateFrameworks/ConfigurationEngineModel.framework/Versions/A/ConfigurationEngineModel
0x00007ff93280b000 	/System/Library/PrivateFrameworks/UsageTracking.framework/Versions/A/UsageTracking
0x00007ffb22c97000 	/System/Library/Frameworks/DeviceActivity.framework/Versions/A/DeviceActivity
0x00007ff9327dd000 	/System/Library/PrivateFrameworks/KnowledgeMonitor.framework/Versions/A/KnowledgeMonitor
0x00007ffa29a88000 	/System/Library/PrivateFrameworks/BluetoothManager.framework/Versions/A/BluetoothManager
0x00007ffb23ba2000 	/System/Library/Frameworks/ManagedSettings.framework/Versions/A/ManagedSettings
0x00007ffc26bd1000 	/System/Library/PrivateFrameworks/ManagedSettingsSupport.framework/Versions/A/ManagedSettingsSupport
0x00007ffa272d7000 	/System/Library/Frameworks/ReplayKit.framework/Versions/A/ReplayKit
0x00007ff839a3b000 	/System/Library/PrivateFrameworks/MarkupUI.framework/Versions/A/MarkupUI
0x00007ff922366000 	/System/Library/PrivateFrameworks/SidecarCore.framework/Versions/A/SidecarCore
0x00007ff924f27000 	/System/Library/PrivateFrameworks/AnnotationKit.framework/Versions/A/AnnotationKit
0x00007ffb2853e000 	/System/Library/Frameworks/Translation.framework/Versions/A/Translation
0x00007ffa1e9f9000 	/System/Library/PrivateFrameworks/RevealCore.framework/Versions/A/RevealCore
0x00007ffa1e9ee000 	/System/Library/PrivateFrameworks/Reveal.framework/Versions/A/Reveal
0x00007ffd1cb80000 	/System/Library/PrivateFrameworks/TranslationUIServices.framework/Versions/A/TranslationUIServices
0x00007ff92361d000 	/System/Library/Frameworks/PencilKit.framework/Versions/A/PencilKit
0x00007ff9237e8000 	/System/Library/PrivateFrameworks/SidecarUI.framework/Versions/A/SidecarUI
0x00007ff922ee8000 	/System/Library/PrivateFrameworks/CoreHandwriting.framework/Versions/A/CoreHandwriting
0x00007ff81b460000 	/usr/lib/libmecabra.dylib
0x00007ff91c405000 	/System/Library/PrivateFrameworks/Calculate.framework/Versions/A/Calculate
0x00007ff82a2e7000 	/usr/lib/libChineseTokenizer.dylib
0x00007ffa36adb000 	/System/Library/PrivateFrameworks/ScreenReaderCore.framework/Versions/A/ScreenReaderCore
0x00007ffd18f67000 	/System/Library/PrivateFrameworks/StocksKit.framework/Versions/A/StocksKit
0x00007ff91b5e8000 	/System/Library/PrivateFrameworks/OAuth.framework/Versions/A/OAuth
0x00007ffd18c63000 	/System/Library/PrivateFrameworks/StocksCore.framework/Versions/A/StocksCore
0x00007ffd19b5b000 	/System/Library/PrivateFrameworks/TeaFoundation.framework/Versions/A/TeaFoundation
0x00007ffd19ce3000 	/System/Library/PrivateFrameworks/TeaSettings.framework/Versions/A/TeaSettings
0x00007ffa2d5d9000 	/System/Library/PrivateFrameworks/NewsCore.framework/Versions/A/NewsCore
0x00007ffd19b08000 	/System/Library/PrivateFrameworks/TeaDB.framework/Versions/A/TeaDB
0x00007ffa2a932000 	/System/Library/PrivateFrameworks/RemoteConfiguration.framework/Versions/A/RemoteConfiguration
0x00007ffa2d1f2000 	/System/Library/PrivateFrameworks/NewsTransport.framework/Versions/A/NewsTransport
0x00007ffa2d5cb000 	/System/Library/PrivateFrameworks/NewsFoundation.framework/Versions/A/NewsFoundation
0x00007ffc2a0eb000 	/System/Library/PrivateFrameworks/NewsURLBucket.framework/Versions/A/NewsURLBucket
0x00007ff926980000 	/System/Library/PrivateFrameworks/MobileInstallation.framework/Versions/A/MobileInstallation
0x00007ffd1bd74000 	/System/Library/PrivateFrameworks/TipKitCore.framework/Versions/A/TipKitCore
0x00007ff92b2fb000 	/System/Library/PrivateFrameworks/CoreCDPInternal.framework/Versions/A/CoreCDPInternal
0x00007ff91b534000 	/System/Library/PrivateFrameworks/AccountsDaemon.framework/Versions/A/AccountsDaemon
0x00007ffc2ff5b000 	/System/Library/PrivateFrameworks/RegulatoryDomain.framework/Versions/A/RegulatoryDomain
0x00007ffa2331b000 	/System/Library/PrivateFrameworks/MachineSettings.framework/Versions/A/MachineSettings
0x00007ff935652000 	/System/Library/PrivateFrameworks/BezelServices.framework/Versions/A/BezelServices
0x00007ff92d2b0000 	/System/Library/PrivateFrameworks/SPOwner.framework/Versions/A/SPOwner
0x00007ff9267c0000 	/System/Library/PrivateFrameworks/FMCore.framework/Versions/A/FMCore
0x00007ffd23663000 	/System/Library/PrivateFrameworks/iCloudQuota.framework/Versions/A/iCloudQuota
0x00007ff91bf29000 	/System/Library/PrivateFrameworks/CoreRecognition.framework/Versions/A/CoreRecognition
0x00007ff935703000 	/System/Library/PrivateFrameworks/InAppMessages.framework/Versions/A/InAppMessages
0x00007ffa358fe000 	/System/Library/PrivateFrameworks/JetUI.framework/Versions/A/JetUI
0x00007ffc23dbd000 	/System/Library/PrivateFrameworks/JetPack.framework/Versions/A/JetPack
0x00007ff9356fb000 	/System/Library/PrivateFrameworks/InAppMessagesCore.framework/Versions/A/InAppMessagesCore
0x00007ffd22dbb000 	/System/Library/PrivateFrameworks/_JetEngine_SwiftUI.framework/Versions/A/_JetEngine_SwiftUI
0x00007ffd19500000 	/System/Library/PrivateFrameworks/Synapse.framework/Versions/A/Synapse
0x00007ffb2f022000 	/System/Library/PrivateFrameworks/CSExattrCrypto.framework/Versions/A/CSExattrCrypto
0x00007ff838790000 	/System/Library/PrivateFrameworks/IMSharedUtilities.framework/Versions/A/IMSharedUtilities
0x00007ff9309bf000 	/System/Library/Frameworks/InstantMessage.framework/Versions/A/InstantMessage
0x00007ff9293d5000 	/System/Library/PrivateFrameworks/IDSKVStore.framework/Versions/A/IDSKVStore
0x00007ff929214000 	/System/Library/PrivateFrameworks/IMDPersistence.framework/Versions/A/IMDPersistence
0x00007ffd2947f000 	/usr/lib/swift/libswiftAppleArchive.dylib
0x00007ffd1e273000 	/System/Library/PrivateFrameworks/UserSafety.framework/Versions/A/UserSafety
0x00007ffa28d2f000 	/System/Library/PrivateFrameworks/BlastDoor.framework/Versions/A/BlastDoor
0x00007ffb270e7000 	/System/Library/Frameworks/SensitiveContentAnalysis.framework/Versions/A/SensitiveContentAnalysis
0x00007ffc24b6e000 	/System/Library/PrivateFrameworks/LinkPresentationStyleSheetParsing.framework/Versions/A/LinkPresentationStyleSheetParsing
0x00007ff9229e1000 	/System/Library/PrivateFrameworks/CoreSDB.framework/Versions/A/CoreSDB
0x00007ffb2d5e3000 	/System/Library/PrivateFrameworks/AskToCore.framework/Versions/A/AskToCore
0x00007ff927b01000 	/System/Library/PrivateFrameworks/StoreFoundation.framework/Versions/A/StoreFoundation
0x00007ff9267ba000 	/System/Library/PrivateFrameworks/ServerInformation.framework/Versions/A/ServerInformation
0x00007ff926225000 	/System/Library/PrivateFrameworks/Install.framework/Frameworks/DistributionKit.framework/Versions/A/DistributionKit
0x00007ff91fe67000 	/System/Library/PrivateFrameworks/PackageKit.framework/Versions/A/PackageKit
0x00007ff926246000 	/System/Library/PrivateFrameworks/OSPersonalization.framework/Versions/A/OSPersonalization
0x00007ff92804c000 	/System/Library/PrivateFrameworks/BridgeOSSoftwareUpdate.framework/Versions/A/BridgeOSSoftwareUpdate
0x00007ff922e29000 	/System/Library/PrivateFrameworks/StorageManagement.framework/Versions/A/StorageManagement
0x00007ff936ab4000 	/usr/lib/libauthinstall.dylib
0x00007ff928054000 	/System/Library/PrivateFrameworks/InstallerDiagnostics.framework/Versions/A/InstallerDiagnostics
0x00007ff9370ab000 	/usr/lib/libcrypto.42.dylib
0x00007ff92803c000 	/System/Library/PrivateFrameworks/GPUInfo.framework/Versions/A/GPUInfo
0x00007ff9357ec000 	/System/Library/PrivateFrameworks/MobileActivationMacOS.framework/Versions/A/MobileActivationMacOS
0x00007ff832093000 	/System/Library/PrivateFrameworks/GenerationalStorage.framework/Versions/A/GenerationalStorage
0x00007ff82d1ce000 	/System/Library/PrivateFrameworks/CacheDelete.framework/Versions/A/CacheDelete
0x00007ff83534e000 	/System/Library/Frameworks/QuickLookThumbnailing.framework/Versions/A/QuickLookThumbnailing
0x00007ff831ec2000 	/System/Library/Frameworks/FileProvider.framework/Versions/A/FileProvider
0x00007ff81f794000 	/System/Library/PrivateFrameworks/DesktopServicesPriv.framework/Versions/A/DesktopServicesPriv
0x00007ff821cc5000 	/System/Library/Frameworks/Accounts.framework/Versions/A/Accounts
0x00007ff92809c000 	/System/Library/PrivateFrameworks/AOSKit.framework/Versions/A/AOSKit
0x00007ff82a514000 	/System/Library/PrivateFrameworks/AppSSOCore.framework/Versions/A/AppSSOCore
0x00007ff834af6000 	/System/Library/PrivateFrameworks/AppSupport.framework/Versions/A/AppSupport
0x00007ff921e7e000 	/System/Library/Frameworks/AVFoundation.framework/Versions/A/AVFoundation
0x00007ff835279000 	/System/Library/PrivateFrameworks/DuetActivityScheduler.framework/Versions/A/DuetActivityScheduler
0x00007ff922988000 	/System/Library/PrivateFrameworks/FTServices.framework/Versions/A/FTServices
0x00007ff933f0b000 	/System/Library/PrivateFrameworks/NetworkServiceProxy.framework/Versions/A/NetworkServiceProxy
0x00007ff83523c000 	/System/Library/PrivateFrameworks/StreamingZip.framework/Versions/A/StreamingZip
0x00007ff834445000 	/System/Library/PrivateFrameworks/CoreWiFi.framework/Versions/A/CoreWiFi
0x00007ff82d0f8000 	/System/Library/PrivateFrameworks/MobileAsset.framework/Versions/A/MobileAsset
0x00007ff833000000 	/System/Library/PrivateFrameworks/Rapport.framework/Versions/A/Rapport
0x00007ffd19261000 	/System/Library/PrivateFrameworks/Symptoms.framework/Versions/A/Frameworks/SymptomAnalytics.framework/Versions/A/SymptomAnalytics
0x00007ff8308b7000 	/usr/lib/libnetworkextension.dylib
0x00007ffd28d74000 	/usr/lib/libmrc.dylib
0x00007ffc2096b000 	/System/Library/PrivateFrameworks/IPConfiguration.framework/Versions/A/IPConfiguration
0x00007ffa23158000 	/System/Library/PrivateFrameworks/Netrb.framework/Versions/A/Netrb
0x00007ffa2df66000 	/System/Library/PrivateFrameworks/WiFiPeerToPeer.framework/Versions/A/WiFiPeerToPeer
0x00007ff929b81000 	/System/Library/PrivateFrameworks/SoftwareUpdateCoreSupport.framework/Versions/A/SoftwareUpdateCoreSupport
0x00007ff9314b8000 	/System/Library/PrivateFrameworks/SoftwareUpdateCoreConnect.framework/Versions/A/SoftwareUpdateCoreConnect
0x00007ff8349a8000 	/System/Library/PrivateFrameworks/RemoteServiceDiscovery.framework/Versions/A/RemoteServiceDiscovery
0x00007ff9297e8000 	/System/Library/PrivateFrameworks/MSUDataAccessor.framework/Versions/A/MSUDataAccessor
0x00007ff924f15000 	/usr/lib/libbootpolicy.dylib
0x00007ff8349bd000 	/System/Library/PrivateFrameworks/RemoteXPC.framework/Versions/A/RemoteXPC
0x00007ff9309cf000 	/usr/lib/libFDR.dylib
0x00007ff936b83000 	/usr/lib/libamsupport.dylib
0x00007ffb2c473000 	/System/Library/PrivateFrameworks/AppleDeviceQuerySupport.framework/Versions/A/AppleDeviceQuerySupport
0x00007ffa19bfa000 	/usr/lib/libpartition2_dynamic.dylib
0x00007ff8287f8000 	/System/Library/Frameworks/UserNotifications.framework/Versions/A/UserNotifications
0x00007ffa298bb000 	/System/Library/Frameworks/CryptoKit.framework/Versions/A/CryptoKit
0x00007ff835218000 	/System/Library/PrivateFrameworks/CryptoKitCBridging.framework/Versions/A/CryptoKitCBridging
0x00007ffa1d69d000 	/usr/lib/swift/libswiftCryptoTokenKit.dylib
0x00007ff82d268000 	/usr/lib/libTelephonyUtilDynamic.dylib
0x00007ff8318c9000 	/System/Library/PrivateFrameworks/SymptomDiagnosticReporter.framework/Versions/A/SymptomDiagnosticReporter
0x00007ffb3446b000 	/System/Library/PrivateFrameworks/CryptoKitPrivate.framework/Versions/A/CryptoKitPrivate
0x00007ff8240af000 	/System/Library/PrivateFrameworks/ApplePushService.framework/Versions/A/ApplePushService
0x00007ff9220a1000 	/System/Library/PrivateFrameworks/FindMyDevice.framework/Versions/A/FindMyDevice
0x00007ff821d4b000 	/System/Library/PrivateFrameworks/CommonUtilities.framework/Versions/A/CommonUtilities
0x00007ff9384f1000 	/System/Library/PrivateFrameworks/DeviceIdentity.framework/Versions/A/DeviceIdentity
0x00007ff82ac2e000 	/System/Library/PrivateFrameworks/Bom.framework/Versions/A/Bom
0x00007ff82cd39000 	/usr/lib/libParallelCompression.dylib
0x00007ff82cd2c000 	/System/Library/PrivateFrameworks/MultiverseSupport.framework/Versions/A/MultiverseSupport
0x00007ff838bbd000 	/System/Library/PrivateFrameworks/FMCoreLite.framework/Versions/A/FMCoreLite
0x00007ff828613000 	/System/Library/PrivateFrameworks/AuthKit.framework/Versions/A/AuthKit
0x00007ff8319ed000 	/System/Library/PrivateFrameworks/DiskManagement.framework/Versions/A/DiskManagement
0x00007ff831907000 	/System/Library/PrivateFrameworks/AppleIDAuthSupport.framework/Versions/A/AppleIDAuthSupport
0x00007ffb294e1000 	/System/Library/PrivateFrameworks/AAAFoundation.framework/Versions/A/AAAFoundation
0x00007ff82d21d000 	/System/Library/PrivateFrameworks/KeychainCircle.framework/Versions/A/KeychainCircle
0x00007ff91c8da000 	/System/Library/PrivateFrameworks/URLFormatting.framework/Versions/A/URLFormatting
0x00007ff834a61000 	/usr/lib/libcsfde.dylib
0x00007ff82a69f000 	/usr/lib/libCoreStorage.dylib
0x00007ff82e63c000 	/System/Library/PrivateFrameworks/ProtectedCloudStorage.framework/Versions/A/ProtectedCloudStorage
0x00007ff834a5d000 	/System/Library/PrivateFrameworks/EFILogin.framework/Versions/A/EFILogin
0x00007ff91bbbd000 	/System/Library/PrivateFrameworks/CloudServices.framework/Versions/A/CloudServices
0x00007ff8320bd000 	/System/Library/PrivateFrameworks/OctagonTrust.framework/Versions/A/OctagonTrust
0x00007ff832766000 	/System/Library/PrivateFrameworks/AVFCore.framework/Versions/A/AVFCore
0x00007ff91a5d2000 	/System/Library/PrivateFrameworks/AVFCapture.framework/Versions/A/AVFCapture
0x00007ff82ba84000 	/System/Library/Frameworks/MediaToolbox.framework/Versions/A/MediaToolbox
0x00007ff831e96000 	/System/Library/PrivateFrameworks/CoreAVCHD.framework/Versions/A/CoreAVCHD
0x00007ff831e92000 	/System/Library/PrivateFrameworks/Mangrove.framework/Versions/A/Mangrove
0x00007ffb2ef22000 	/System/Library/PrivateFrameworks/CMPhoto.framework/Versions/A/CMPhoto
0x00007ff832597000 	/System/Library/Frameworks/CoreTelephony.framework/Versions/A/CoreTelephony
0x00007ff832d96000 	/System/Library/PrivateFrameworks/AppleVPA.framework/Versions/A/AppleVPA
0x00007ff831ad7000 	/System/Library/PrivateFrameworks/CoreAUC.framework/Versions/A/CoreAUC
0x00007ffb2c83a000 	/System/Library/PrivateFrameworks/AppleJPEGXL.framework/Versions/A/AppleJPEGXL
0x00007ffb2ee0d000 	/System/Library/PrivateFrameworks/CMImaging.framework/Versions/A/CMImaging
0x00007ff91a7f5000 	/System/Library/PrivateFrameworks/Quagga.framework/Versions/A/Quagga
0x00007ff91a924000 	/System/Library/PrivateFrameworks/CMCapture.framework/Versions/A/CMCapture
0x00007ff82ce0a000 	/System/Library/Frameworks/CoreMediaIO.framework/Versions/A/CoreMediaIO
0x00007ff835395000 	/System/Library/PrivateFrameworks/Espresso.framework/Versions/A/Espresso
0x00007ffa36e59000 	/System/Library/PrivateFrameworks/ANECompiler.framework/Versions/A/ANECompiler
0x00007ff837513000 	/System/Library/PrivateFrameworks/AppleNeuralEngine.framework/Versions/A/AppleNeuralEngine
0x00007ffb24866000 	/System/Library/Frameworks/MetalPerformanceShadersGraph.framework/Versions/A/MetalPerformanceShadersGraph
0x00007ffc25821000 	/System/Library/PrivateFrameworks/MLCompilerServices.framework/Versions/A/MLCompilerServices
0x00007ff83637b000 	/System/Library/PrivateFrameworks/ANEServices.framework/Versions/A/ANEServices
0x00007ff927e1a000 	/usr/lib/libncurses.5.4.dylib
0x00007ff81dff8000 	/usr/lib/libsandbox.1.dylib
0x00007ff82a697000 	/usr/lib/libMatch.1.dylib
0x00007ffc257c3000 	/System/Library/PrivateFrameworks/MLCompilerRuntime.framework/Versions/A/MLCompilerRuntime
0x00007ffb2ed3c000 	/System/Library/PrivateFrameworks/CMCaptureDevice.framework/Versions/A/CMCaptureDevice
0x00007ffb2f974000 	/System/Library/PrivateFrameworks/CinematicFraming.framework/Versions/A/CinematicFraming
0x00007ff921ac7000 	/System/Library/Frameworks/CoreMotion.framework/Versions/A/CoreMotion
0x00007ff930a92000 	/System/Library/PrivateFrameworks/TimeSync.framework/Versions/A/TimeSync
0x00007ffb34de6000 	/System/Library/PrivateFrameworks/DistributedSensing.framework/Versions/A/DistributedSensing
0x00007ff92c635000 	/System/Library/PrivateFrameworks/MobileBluetooth.framework/Versions/A/MobileBluetooth
0x00007ff82ca06000 	/System/Library/PrivateFrameworks/LocationSupport.framework/Versions/A/LocationSupport
0x00007ff932476000 	/System/Library/PrivateFrameworks/IOKitten.framework/Versions/A/IOKitten
0x00007ff81fa0c000 	/System/Library/PrivateFrameworks/CoreDuet.framework/Versions/A/CoreDuet
0x00007ff833d5e000 	/System/Library/PrivateFrameworks/CoreDuetContext.framework/Versions/A/CoreDuetContext
0x00007ff92d1cc000 	/System/Library/PrivateFrameworks/BiomeFoundation.framework/Versions/A/BiomeFoundation
0x00007ffb2dc70000 	/System/Library/PrivateFrameworks/BiomeLibrary.framework/Versions/A/BiomeLibrary
0x00007ff930b12000 	/System/Library/PrivateFrameworks/BiomeStreams.framework/Versions/A/BiomeStreams
0x00007ff936ef2000 	/System/Library/PrivateFrameworks/BiomePubSub.framework/Versions/A/BiomePubSub
0x00007ff824112000 	/System/Library/Frameworks/CloudKit.framework/Versions/A/CloudKit
0x00007ff833db3000 	/System/Library/Frameworks/Intents.framework/Versions/A/Intents
0x00007ff836519000 	/System/Library/PrivateFrameworks/CoreDuetDaemonProtocol.framework/Versions/A/CoreDuetDaemonProtocol
0x00007ff8363a8000 	/System/Library/PrivateFrameworks/ProactiveSupport.framework/Versions/A/ProactiveSupport
0x00007ffc2ea17000 	/System/Library/PrivateFrameworks/PoirotSchematizer.framework/Versions/A/PoirotSchematizer
0x00007ffb2e390000 	/System/Library/PrivateFrameworks/BiomeSync.framework/Versions/A/BiomeSync
0x00007ffb2dc51000 	/System/Library/PrivateFrameworks/BiomeFlexibleStorage.framework/Versions/A/BiomeFlexibleStorage
0x00007ffb2dc37000 	/System/Library/PrivateFrameworks/BiomeDSL.framework/Versions/A/BiomeDSL
0x00007ff936f52000 	/System/Library/PrivateFrameworks/BiomeStorage.framework/Versions/A/BiomeStorage
0x00007ffc2ea86000 	/System/Library/PrivateFrameworks/PoirotUDFs.framework/Versions/A/PoirotUDFs
0x00007ffc2e9ee000 	/System/Library/PrivateFrameworks/PoirotSQLite.framework/Versions/A/PoirotSQLite
0x00007ff834dea000 	/System/Library/PrivateFrameworks/InternationalTextSearch.framework/Versions/A/InternationalTextSearch
0x00007ffc236c8000 	/System/Library/PrivateFrameworks/IntelligencePlatformLibrary.framework/Versions/A/IntelligencePlatformLibrary
0x00007ffb2f5dc000 	/System/Library/PrivateFrameworks/CascadeSets.framework/Versions/A/CascadeSets
0x00007ff82dd62000 	/System/Library/PrivateFrameworks/IDS.framework/Versions/A/IDS
0x00007ff82c991000 	/System/Library/PrivateFrameworks/IMFoundation.framework/Versions/A/IMFoundation
0x00007ff91bedd000 	/System/Library/PrivateFrameworks/Marco.framework/Versions/A/Marco
0x00007ff82df33000 	/System/Library/PrivateFrameworks/IDSFoundation.framework/Versions/A/IDSFoundation
0x00007ff839a65000 	/System/Library/PrivateFrameworks/Engram.framework/Versions/A/Engram
0x00007ff839a09000 	/usr/lib/libtidy.A.dylib
0x00007ff9305bc000 	/System/Library/PrivateFrameworks/FTAWD.framework/Versions/A/FTAWD
0x00007ffb27199000 	/System/Library/Frameworks/SharedWithYouCore.framework/Versions/A/SharedWithYouCore
0x00007ff834eb3000 	/System/Library/PrivateFrameworks/AppleAccount.framework/Versions/A/AppleAccount
0x00007ff8352f8000 	/System/Library/PrivateFrameworks/C2.framework/Versions/A/C2
0x00007ff825814000 	/System/Library/Frameworks/CoreLocation.framework/Versions/A/CoreLocation
0x00007ffb2fc6d000 	/System/Library/PrivateFrameworks/CloudAssets.framework/Versions/A/CloudAssets
0x00007ff8352f0000 	/System/Library/Frameworks/PushKit.framework/Versions/A/PushKit
0x00007ffa1f1dc000 	/usr/lib/swift/libswiftAVFoundation.dylib
0x00007ff9291c0000 	/usr/lib/swift/libswiftCoreLocation.dylib
0x00007ff9291d2000 	/usr/lib/swift/libswiftCoreMIDI.dylib
0x00007ffa1d69f000 	/usr/lib/swift/libswiftCoreMedia.dylib
0x00007ff82e1eb000 	/System/Library/PrivateFrameworks/Sharing.framework/Versions/A/Sharing
0x00007ff834444000 	/System/Library/PrivateFrameworks/Apple80211.framework/Versions/A/Apple80211
0x00007ff827a6a000 	/System/Library/Frameworks/CoreWLAN.framework/Versions/A/CoreWLAN
0x00007ff8384fd000 	/System/Library/PrivateFrameworks/AssistantServices.framework/Versions/A/AssistantServices
0x00007ff832e04000 	/System/Library/PrivateFrameworks/SAObjects.framework/Versions/A/SAObjects
0x00007ff83812f000 	/System/Library/PrivateFrameworks/MediaRemote.framework/Versions/A/MediaRemote
0x00007ff9283db000 	/System/Library/PrivateFrameworks/SiriInstrumentation.framework/Versions/A/SiriInstrumentation
0x00007ffc31deb000 	/System/Library/PrivateFrameworks/SiriAnalytics.framework/Versions/A/SiriAnalytics
0x00007ffc36f9a000 	/System/Library/PrivateFrameworks/SiriTTSService.framework/Versions/A/SiriTTSService
0x00007ffc3266c000 	/System/Library/PrivateFrameworks/SiriCrossDeviceArbitration.framework/Versions/A/SiriCrossDeviceArbitration
0x00007ff92601c000 	/System/Library/PrivateFrameworks/FeedbackLogger.framework/Versions/A/FeedbackLogger
0x00007ffc326bc000 	/System/Library/PrivateFrameworks/SiriCrossDeviceArbitrationFeedback.framework/Versions/A/SiriCrossDeviceArbitrationFeedback
0x00007ffc1ddb2000 	/System/Library/PrivateFrameworks/GenerativeModels.framework/Versions/A/GenerativeModels
0x00007ff91bd57000 	/System/Library/PrivateFrameworks/MediaServices.framework/Versions/A/MediaServices
0x00007ff82a90b000 	/System/Library/PrivateFrameworks/PersistentConnection.framework/Versions/A/PersistentConnection
0x00007ff82e8bb000 	/System/Library/PrivateFrameworks/GeoServices.framework/Versions/A/GeoServices
0x00007ffc1dfbb000 	/System/Library/PrivateFrameworks/GeoServicesCore.framework/Versions/A/GeoServicesCore
0x00007ff91c8d9000 	/System/Library/PrivateFrameworks/PhoneNumbers.framework/Versions/A/PhoneNumbers
0x00007ffb348e4000 	/System/Library/PrivateFrameworks/Dendrite.framework/Versions/A/Dendrite
0x00007ffb2d6ff000 	/System/Library/PrivateFrameworks/AtomicsInternal.framework/Versions/A/AtomicsInternal
0x00007ff929fb6000 	/usr/lib/libtailspin.dylib
0x00007ffa1d216000 	/System/Library/PrivateFrameworks/Osprey.framework/Versions/A/Osprey
0x00007ffc365c7000 	/System/Library/PrivateFrameworks/SiriTTS.framework/Versions/A/SiriTTS
0x00007ff922a9f000 	/System/Library/Frameworks/NaturalLanguage.framework/Versions/A/NaturalLanguage
0x00007ffc3550e000 	/System/Library/PrivateFrameworks/SiriPowerInstrumentation.framework/Versions/A/SiriPowerInstrumentation
0x00007ff923962000 	/System/Library/PrivateFrameworks/Trial.framework/Versions/A/Trial
0x00007ff9238e6000 	/System/Library/PrivateFrameworks/TrialProto.framework/Versions/A/TrialProto
0x00007ffd1db2d000 	/System/Library/PrivateFrameworks/UnifiedAssetFramework.framework/Versions/A/UnifiedAssetFramework
0x00007ffa2def2000 	/usr/lib/swift/libswiftNaturalLanguage.dylib
0x00007ffd19b06000 	/System/Library/PrivateFrameworks/TailspinSymbolication.framework/Versions/A/TailspinSymbolication
0x00007ffb34663000 	/System/Library/PrivateFrameworks/Darwinup.framework/Versions/A/Darwinup
0x00007ff935e42000 	/System/Library/PrivateFrameworks/SignpostSupport.framework/Versions/A/SignpostSupport
0x00007ff92296d000 	/System/Library/PrivateFrameworks/FeatureFlagsSupport.framework/Versions/A/FeatureFlagsSupport
0x00007ff935569000 	/System/Library/PrivateFrameworks/ktrace.framework/Versions/A/ktrace
0x00007ff9360fc000 	/System/Library/PrivateFrameworks/SampleAnalysis.framework/Versions/A/SampleAnalysis
0x00007ffa1e9c1000 	/System/Library/PrivateFrameworks/kperfdata.framework/Versions/A/kperfdata
0x00007ff82e7df000 	/usr/lib/libdscsym.dylib
0x00007ffa1ef26000 	/System/Library/PrivateFrameworks/BulkSymbolication.framework/Versions/A/BulkSymbolication
0x00007ff8245a0000 	/System/Library/Frameworks/CoreML.framework/Versions/A/CoreML
0x00007ffa2c348000 	/usr/lib/libedit.3.dylib
0x00007ff82816b000 	/System/Library/Frameworks/MLCompute.framework/Versions/A/MLCompute
0x00007ffc25691000 	/System/Library/PrivateFrameworks/MLAssetIO.framework/Versions/A/MLAssetIO
0x00007ffd294ba000 	/usr/lib/swift/libswiftMLCompute.dylib
0x00007ff81c509000 	/System/Library/PrivateFrameworks/LanguageModeling.framework/Versions/A/LanguageModeling
0x00007ff821277000 	/System/Library/PrivateFrameworks/Montreal.framework/Versions/A/Montreal
0x00007ff828ac4000 	/usr/lib/libcmph.dylib
0x00007ffc1de50000 	/System/Library/PrivateFrameworks/GenerativeModelsFoundation.framework/Versions/A/GenerativeModelsFoundation
0x00007ffd1c048000 	/System/Library/PrivateFrameworks/TokenGeneration.framework/Versions/A/TokenGeneration
0x00007ffc1dc82000 	/System/Library/PrivateFrameworks/GenerativeFunctions.framework/Versions/A/GenerativeFunctions
0x00007ffc1dcc8000 	/System/Library/PrivateFrameworks/GenerativeFunctionsFoundation.framework/Versions/A/GenerativeFunctionsFoundation
0x00007ffc28436000 	/System/Library/PrivateFrameworks/ModelCatalog.framework/Versions/A/ModelCatalog
0x00007ffc31770000 	/System/Library/PrivateFrameworks/SensitiveContentAnalysisML.framework/Versions/A/SensitiveContentAnalysisML
0x00007ffc1dd5d000 	/System/Library/PrivateFrameworks/GenerativeFunctionsInstrumentation.framework/Versions/A/GenerativeFunctionsInstrumentation
0x00007ffc2f8c9000 	/System/Library/PrivateFrameworks/PromptKit.framework/Versions/A/PromptKit
0x00007ffc2f45a000 	/System/Library/PrivateFrameworks/ProactiveDaemonSupport.framework/Versions/A/ProactiveDaemonSupport
0x00007ffd1c1bf000 	/System/Library/PrivateFrameworks/TokenGenerationCore.framework/Versions/A/TokenGenerationCore
0x00007ffd1f1a7000 	/System/Library/PrivateFrameworks/VectorSearch.framework/Versions/A/VectorSearch
0x00007ffc286fe000 	/System/Library/PrivateFrameworks/ModelManagerServices.framework/Versions/A/ModelManagerServices
0x00007ffb2c4d6000 	/System/Library/PrivateFrameworks/AppleFlatBuffers.framework/Versions/A/AppleFlatBuffers
0x00007ff91c2cf000 	/System/Library/PrivateFrameworks/ProactiveEventTracker.framework/Versions/A/ProactiveEventTracker
0x00007ffb294fa000 	/System/Library/PrivateFrameworks/AAAFoundationSwift.framework/Versions/A/AAAFoundationSwift
0x00007ff835049000 	/System/Library/PrivateFrameworks/AppleIDSSOAuthentication.framework/Versions/A/AppleIDSSOAuthentication
0x00007ff92fd99000 	/usr/lib/swift/libswiftCompression.dylib
0x00007ffc318d0000 	/System/Library/PrivateFrameworks/SentencePieceInternal.framework/Versions/A/SentencePieceInternal
0x00007ff830ce2000 	/System/Library/Frameworks/Vision.framework/Versions/A/Vision
0x00007ffb340fe000 	/System/Library/PrivateFrameworks/CoreSceneUnderstanding.framework/Versions/A/CoreSceneUnderstanding
0x00007ffd1fc77000 	/System/Library/PrivateFrameworks/VisionCore.framework/Versions/A/VisionCore
0x00007ff92b3d0000 	/System/Library/Frameworks/Vision.framework/libfaceCore.dylib
0x00007ff92c0db000 	/System/Library/PrivateFrameworks/Futhark.framework/Versions/A/Futhark
0x00007ff92fb53000 	/System/Library/PrivateFrameworks/InertiaCam.framework/Versions/A/InertiaCam
0x00007ff92be5c000 	/System/Library/PrivateFrameworks/TextRecognition.framework/Versions/A/TextRecognition
0x00007ff82a533000 	/System/Library/PrivateFrameworks/CVNLP.framework/Versions/A/CVNLP
0x00007ffc1cb7e000 	/System/Library/PrivateFrameworks/GRDBInternal.framework/Versions/A/GRDBInternal
0x00007ff83729c000 	/System/Library/PrivateFrameworks/RTCReporting.framework/Versions/A/RTCReporting
0x00007ff8352e0000 	/System/Library/PrivateFrameworks/IntentsFoundation.framework/Versions/A/IntentsFoundation
0x00007ff82dab4000 	/System/Library/Frameworks/NetworkExtension.framework/Versions/A/NetworkExtension
0x00007ff92799f000 	/System/Library/PrivateFrameworks/CaptiveNetwork.framework/Versions/A/CaptiveNetwork
0x00007ff834969000 	/System/Library/PrivateFrameworks/EAP8021X.framework/Versions/A/EAP8021X
0x00007ffd1a01b000 	/System/Library/PrivateFrameworks/TextInputUI.framework/Versions/A/TextInputUI
0x00007ffd1a03b000 	/System/Library/PrivateFrameworks/TextInputUIMacHelper.framework/Versions/A/TextInputUIMacHelper
0x00007ffc30e19000 	/System/Library/PrivateFrameworks/Sage.framework/Versions/A/Sage

JVMTI agents: none


VM Arguments:
java_command: target/mesos.jar --client --rmi --gui 127.0.0.1 1099
java_class_path (initial): target/mesos.jar
Launcher Type: SUN_STANDARD

[Global flags]
     intx CICompilerCount                          = 4                                         {product} {ergonomic}
     uint ConcGCThreads                            = 2                                         {product} {ergonomic}
     uint G1ConcRefinementThreads                  = 8                                         {product} {ergonomic}
   size_t G1HeapRegionSize                         = 1048576                                   {product} {ergonomic}
   size_t InitialHeapSize                          = 134217728                                 {product} {ergonomic}
   size_t MarkStackSize                            = 4194304                                   {product} {ergonomic}
   size_t MarkStackSizeMax                         = 536870912                                 {product} {ergonomic}
   size_t MaxHeapSize                              = 2147483648                                {product} {ergonomic}
   size_t MaxNewSize                               = 1287651328                                {product} {ergonomic}
   size_t MinHeapDeltaBytes                        = 1048576                                   {product} {ergonomic}
   size_t MinHeapSize                              = 8388608                                   {product} {ergonomic}
    uintx NonNMethodCodeHeapSize                   = 5836800                                {pd product} {ergonomic}
    uintx NonProfiledCodeHeapSize                  = 122912768                              {pd product} {ergonomic}
    uintx ProfiledCodeHeapSize                     = 122908672                              {pd product} {ergonomic}
    uintx ReservedCodeCacheSize                    = 251658240                              {pd product} {ergonomic}
     bool SegmentedCodeCache                       = true                                      {product} {ergonomic}
   size_t SoftMaxHeapSize                          = 2147483648                             {manageable} {ergonomic}
     bool UseCompressedOops                        = true                           {product lp64_product} {ergonomic}
     bool UseG1GC                                  = true                                      {product} {ergonomic}
     bool UseNUMA                                  = false                                     {product} {ergonomic}
     bool UseNUMAInterleaving                      = false                                     {product} {ergonomic}

Logging:
Log output configuration:
 #0: stdout all=warning uptime,level,tags foldmultilines=false
 #1: stderr all=off uptime,level,tags foldmultilines=false

Release file:
IMPLEMENTOR="Oracle Corporation"
JAVA_RUNTIME_VERSION="25.0.2+10-69"
JAVA_VERSION="25.0.2"
JAVA_VERSION_DATE="2026-01-20"
LIBC="default"
MODULES="java.base java.compiler java.datatransfer java.xml java.prefs java.desktop java.instrument java.logging java.management java.security.sasl java.naming java.rmi java.management.rmi java.net.http java.scripting java.security.jgss java.transaction.xa java.sql java.sql.rowset java.xml.crypto java.se java.smartcardio jdk.accessibility jdk.internal.jvmstat jdk.attach jdk.charsets jdk.internal.opt jdk.zipfs jdk.compiler jdk.crypto.cryptoki jdk.crypto.ec jdk.dynalink jdk.internal.ed jdk.editpad jdk.internal.vm.ci jdk.graal.compiler jdk.graal.compiler.management jdk.hotspot.agent jdk.httpserver jdk.incubator.vector jdk.internal.le jdk.internal.md jdk.jartool jdk.javadoc jdk.jcmd jdk.management jdk.management.agent jdk.jconsole jdk.jdeps jdk.jdwp.agent jdk.jdi jdk.jfr jdk.jlink jdk.jpackage jdk.jshell jdk.jsobject jdk.jstatd jdk.localedata jdk.management.jfr jdk.naming.dns jdk.naming.rmi jdk.net jdk.nio.mapmode jdk.sctp jdk.security.auth jdk.security.jgss jdk.unsupported jdk.unsupported.desktop jdk.xml.dom"
OS_ARCH="x86_64"
OS_NAME="Darwin"
SOURCE=".:git:405a5699ebd0"

Environment Variables:
PATH=/opt/miniconda3/bin:/opt/miniconda3/condabin:/usr/local/bin:/System/Cryptexes/App/usr/bin:/usr/bin:/bin:/usr/sbin:/sbin:/var/run/com.apple.security.cryptexd/codex.system/bootstrap/usr/local/bin:/var/run/com.apple.security.cryptexd/codex.system/bootstrap/usr/bin:/var/run/com.apple.security.cryptexd/codex.system/bootstrap/usr/appleinternal/bin
SHELL=/bin/bash
LANG=it_IT.UTF-8
TERM=xterm-256color
TMPDIR=/var/folders/3t/x6_4g4_d4jv3nvz839gb82nc0000gn/T/

Active Locale:
LC_ALL=it_IT.UTF-8
LC_COLLATE=it_IT.UTF-8
LC_CTYPE=it_IT.UTF-8
LC_MESSAGES=it_IT.UTF-8
LC_MONETARY=it_IT.UTF-8
LC_NUMERIC=it_IT.UTF-8
LC_TIME=it_IT.UTF-8

Signal Handlers:
   SIGSEGV: crash_handler in libjvm.dylib, mask=11100110000111110111111111111111, flags=SA_ONSTACK|SA_RESTART|SA_SIGINFO, unblocked
    SIGBUS: crash_handler in libjvm.dylib, mask=11100110000111110111111111111111, flags=SA_RESTART|SA_SIGINFO, unblocked
    SIGFPE: crash_handler in libjvm.dylib, mask=11100110000111110111111111111111, flags=SA_RESTART|SA_SIGINFO, unblocked
   SIGPIPE: javaSignalHandler in libjvm.dylib, mask=11100110000111110111111111111111, flags=SA_RESTART|SA_SIGINFO, blocked
   SIGXFSZ: javaSignalHandler in libjvm.dylib, mask=11100110000111110111111111111111, flags=SA_RESTART|SA_SIGINFO, blocked
    SIGILL: crash_handler in libjvm.dylib, mask=11100110000111110111111111111111, flags=SA_RESTART|SA_SIGINFO, unblocked
   SIGUSR2: SR_handler in libjvm.dylib, mask=00000000000000000000000000000000, flags=SA_RESTART|SA_SIGINFO, blocked
    SIGHUP: UserHandler in libjvm.dylib, mask=11100110000111110111111111111111, flags=SA_RESTART|SA_SIGINFO, blocked
    SIGINT: UserHandler in libjvm.dylib, mask=11100110000111110111111111111111, flags=SA_RESTART|SA_SIGINFO, blocked
   SIGTERM: UserHandler in libjvm.dylib, mask=11100110000111110111111111111111, flags=SA_RESTART|SA_SIGINFO, blocked
   SIGQUIT: UserHandler in libjvm.dylib, mask=11100110000111110111111111111111, flags=SA_RESTART|SA_SIGINFO, blocked
   SIGTRAP: crash_handler in libjvm.dylib, mask=11100110000111110111111111111111, flags=SA_RESTART|SA_SIGINFO, unblocked


Compilation memory statistics disabled.

Periodic native trim disabled

---------------  S Y S T E M  ---------------

OS:
uname: Darwin 24.6.0 Darwin Kernel Version 24.6.0: Mon Jan 19 22:00:10 PST 2026; root:xnu-11417.140.69.708.3~1/RELEASE_X86_64 x86_64
OS uptime: 24 days 1:19 hours
rlimit (soft/hard): STACK 8192k/65532k , CORE 0k/infinity , NPROC 1392/2088 , NOFILE 1048576/infinity , AS infinity/infinity , CPU infinity/infinity , DATA infinity/infinity , FSIZE infinity/infinity , MEMLOCK infinity/infinity , RSS infinity/infinity
load average: 3,17 3,56 6,72

CPU: total 8 (initial active 8) (4 cores per cpu, 2 threads per core) family 6 model 142 stepping 10 microcode 0xf6, cx8, cmov, fxsr, ht, mmx, 3dnowpref, sse, sse2, sse3, ssse3, sse4.1, sse4.2, popcnt, lzcnt, tsc, tscinvbit, avx, avx2, aes, erms, clmul, bmi1, bmi2, adx, fma, vzeroupper, clflush, clflushopt, rdtscp, f16c
machdep.cpu.brand_string:Intel(R) Core(TM) i5-8259U CPU @ 2.30GHz
hw.cpufrequency:2300000000
hw.cpufrequency_min:2300000000
hw.cpufrequency_max:2300000000
hw.cachelinesize:64
hw.l1icachesize:32768
hw.l1dcachesize:32768
hw.l2cachesize:262144
hw.l3cachesize:6291456

Memory: 4k page, physical 8388608k(11520k free), swap 5242880k(860672k free)

vm_info: OpenJDK 64-Bit Server VM (25.0.2+10-69) for bsd-amd64 JRE (25.0.2+10-69), built on 2025-12-18T11:36:35Z with clang Apple LLVM 15.0.0 (clang-1500.3.9.4)

END.
